== r36-s1  (**Ended:** budget reached.)
  t	alive	jointed	jnt inh	diverged	spd jnt	spd rig	work J/s	photo inh	absorpt	inherit	cols	x sd	wraps
  100	41	20	2	0	0.07237	0.05583	82.55	7	5	0	33/100	5.43	43
  200	60	31	19	0	0.08196	0.06615	205.99	34	3	0	38/100	5.29	68
  300	68	37	27	0	0.07983	0.06409	263.8	49	3	1	46/100	7.47	68
  400	93	59	50	0	0.08229	0.06263	349.67	74	5	3	59/100	6.19	124
  500	107	69	60	0	0.07979	0.0706	373.26	87	6	4	58/100	4.77	130
  600	111	74	67	0	0.07949	0.07555	394.77	90	8	6	56/100	4.32	137
  700	130	90	84	0	0.07875	0.07165	465.16	108	11	9	62/100	4.78	203
  800	141	92	86	0	0.08219	0.07798	487.47	115	15	13	74/100	5.63	179
  900	148	96	90	0	0.07518	0.07221	482.27	120	17	15	75/100	5.94	200
  1000	155	105	99	0	0.07236	0.07317	560.79	128	18	16	76/100	5.50	148
  1100	173	108	103	0	0.07766	0.06903	696.71	144	21	19	79/100	6.17	243
  1200	182	115	110	0	0.08135	0.07227	649.62	152	22	20	82/100	9.06	244
  1300	175	106	101	0	0.08155	0.07384	543.42	135	32	30	84/100	6.84	242
  1400	173	93	88	0	0.08236	0.07573	401.94	123	42	40	80/100	6.36	242
  1500	175	82	77	0	0.07871	0.07133	319.39	111	57	55	82/100	8.76	260
  1600	177	77	72	0	0.07764	0.07324	393.46	103	67	65	80/100	7.69	204
  1700	194	77	72	0	0.08543	0.07359	341.77	118	69	67	84/100	7.33	229
  1800	209	76	71	0	0.08267	0.07695	329.62	117	85	83	86/100	6.86	227
  1900	220	74	69	0	0.0757	0.07602	319.29	107	106	104	86/100	8.21	238
  2000	226	76	71	0	0.08468	0.07679	299.84	101	118	116	89/100	6.98	282
  2100	237	83	78	0	0.07734	0.07601	339.25	100	130	128	90/100	6.86	319
  2200	237	102	98	0	0.07505	0.07263	371.31	113	117	116	93/100	8.46	269
  2300	241	109	105	0	0.07832	0.07257	434.24	120	114	114	87/100	8.96	255
  2400	232	107	103	0	0.07854	0.07572	432.96	120	104	104	92/100	6.66	268
  2500	233	117	113	0	0.08191	0.07571	481.42	131	95	95	89/100	7.25	332
  2600	246	128	125	0	0.08279	0.07805	548.36	135	106	106	92/100	7.77	338
  2700	252	134	132	0	0.07901	0.07576	415.7	129	119	119	89/100	7.35	353
  2800	258	151	149	0	0.07639	0.07284	570.95	135	119	119	90/100	7.89	321
  2900	261	152	150	0	0.07833	0.07177	781.5	146	112	112	93/100	7.25	324
  3000	260	146	144	0	0.08052	0.07549	508.3	144	113	113	91/100	7.06	365
  3100	270	149	147	0	0.08503	0.07285	566.84	134	133	133	93/100	7.22	357
  3200	271	145	143	1	0.08567	0.07848	482.65	125	143	143	91/100	8.22	360
  3300	281	145	143	1	0.08196	0.0772	440.15	124	154	154	94/100	7.60	438
  3400	291	139	137	1	0.08824	0.07815	412.34	123	165	165	93/100	7.65	376
  3500	291	146	144	1	0.08043	0.07452	431.52	125	164	164	93/100	8.31	352
  3600	284	155	152	1	0.08133	0.0761	420.53	127	155	155	95/100	7.10	368
  3700	280	147	143	1	0.08633	0.0808	450.96	129	149	149	88/100	6.96	354
  3800	303	160	158	2	0.0859	0.07927	501.82	148	154	154	95/100	8.12	389
  3900	321	163	160	2	0.08178	0.07577	551.78	170	150	150	93/100	8.19	396
  4000	302	164	162	2	0.08073	0.0787	556.56	166	135	135	93/100	8.33	411
  4100	301	167	166	2	0.07988	0.07728	703.27	168	132	132	93/100	7.77	356
  4200	297	159	158	2	0.08378	0.07526	601.24	167	129	129	92/100	6.92	402
  4300	300	154	152	2	0.0812	0.07203	515.77	167	132	132	97/100	7.19	366
  4400	305	152	150	2	0.07722	0.06993	546.14	165	139	139	96/100	6.60	351
  4500	306	150	149	2	0.07455	0.06743	546.77	149	156	156	97/100	7.18	332
  4600	298	158	157	3	0.07406	0.07396	551.77	160	136	136	95/100	7.98	375
  4700	290	166	165	3	0.07865	0.07706	652.62	159	130	130	92/100	7.50	370
  4800	291	167	165	3	0.08036	0.0793	611.04	159	131	131	94/100	7.27	642
  4900	304	159	155	3	0.08367	0.0773	563.92	165	138	138	95/100	7.16	580
  5000	307	169	166	3	0.08287	0.07704	592.96	157	150	150	99/100	6.10	386
  5100	287	169	167	3	0.0778	0.07647	650.73	144	143	143	95/100	6.47	417
  5200	298	170	166	3	0.07722	0.06952	665.22	163	135	135	95/100	7.09	405
  5300	306	168	164	4	0.08143	0.07228	622.95	162	144	144	99/100	8.72	450
  5400	312	172	168	4	0.08348	0.07621	479.56	163	149	149	98/100	7.94	422
  5500	301	170	164	4	0.08619	0.07746	331.55	157	144	144	96/100	7.57	399
  5600	302	177	172	4	0.08566	0.08154	435.39	169	133	133	91/100	6.02	449
  5700	303	165	159	4	0.08284	0.07261	404.52	173	129	129	94/100	6.25	420
  5800	288	136	130	4	0.07775	0.07479	297.19	161	126	126	93/100	6.61	298
  5900	308	131	125	4	0.08064	0.07653	243.67	181	126	126	95/100	6.33	324
  6000	311	154	149	4	0.0842	0.07679	394.36	181	129	129	93/100	6.60	382
  6100	308	169	164	4	0.08192	0.07656	496.53	184	124	124	97/100	7.21	402
  6200	320	181	176	4	0.08253	0.07573	454.18	207	113	113	96/100	6.55	368
  6300	307	150	145	4	0.08307	0.07485	479.65	196	111	111	96/100	6.44	431
  6400	308	141	134	4	0.08423	0.07372	392.42	201	107	107	93/100	6.48	359
  6500	298	154	147	4	0.07757	0.0733	550.15	191	107	107	93/100	5.60	366
  6600	309	152	145	4	0.07962	0.07398	389.54	201	108	107	91/100	5.77	392
  6700	314	147	141	4	0.08172	0.07744	467.61	204	110	109	89/100	5.96	375
  6800	322	141	135	4	0.08657	0.07618	374.89	212	110	109	96/100	6.02	404
  6900	316	142	138	4	0.08147	0.07745	312.2	210	106	105	94/100	6.38	407
  7000	300	130	125	4	0.08254	0.0742	312.18	202	98	97	96/100	7.02	332
  7100	302	146	141	4	0.08172	0.07745	420.73	197	105	104	95/100	9.51	311
  7200	296	143	139	4	0.08763	0.08225	456.98	187	109	108	93/100	6.45	380
  7300	311	139	134	4	0.08837	0.07997	428.66	201	110	110	95/100	6.01	386
  7400	305	131	127	4	0.08716	0.07861	261.79	197	108	108	96/100	7.11	395
  7500	328	145	141	4	0.07928	0.07429	438.96	212	116	116	95/100	6.56	376
  7600	308	155	151	6	0.08175	0.07185	270.58	187	121	121	96/100	6.64	448
  7700	317	171	167	6	0.0828	0.07579	440.46	198	118	118	93/100	6.22	389
  7800	323	173	170	6	0.08238	0.07556	470.92	200	123	123	95/100	5.71	382
  7900	314	182	179	6	0.08102	0.07701	571.13	186	128	128	91/100	6.18	390
  8000	319	184	181	7	0.08193	0.07635	475.41	187	133	132	95/100	6.25	413
  8100	332	188	186	7	0.08339	0.07407	517.81	206	126	126	95/100	6.79	473
  8200	323	165	163	7	0.07645	0.07285	376.24	197	126	125	99/100	6.90	395
  8300	328	168	166	7	0.07932	0.07279	330.38	206	122	121	90/100	8.10	443
  8400	338	154	152	7	0.08544	0.07274	332.01	206	132	131	99/100	7.23	449
  8500	352	146	143	7	0.08454	0.07734	249.1	216	136	135	95/100	8.49	419
  8600	354	145	142	7	0.08536	0.0785	218.46	220	134	133	94/100	8.44	513
  8700	378	150	147	7	0.08303	0.07435	169.66	243	135	134	96/100	6.61	449
  8800	369	149	147	7	0.07975	0.0728	195.88	235	134	133	99/100	5.68	402
  8900	369	173	171	7	0.08148	0.07634	224.63	228	141	140	95/100	6.56	434
  9000	374	180	178	7	0.08292	0.0756	451.65	225	149	148	96/100	6.58	410
  9100	377	170	167	7	0.08064	0.07628	275.97	227	150	149	98/100	5.83	402
  9200	374	167	164	7	0.08187	0.07552	255.77	221	153	152	96/100	6.71	423
  9300	366	173	170	7	0.08121	0.07331	220.85	215	151	150	95/100	7.71	415
  9400	374	148	147	8	0.07879	0.07509	118.36	239	136	134	97/100	6.55	399
  9500	392	144	144	8	0.08359	0.07792	158.65	263	129	128	98/100	7.09	426
  9600	379	152	152	8	0.0858	0.0827	136.44	253	125	124	93/100	7.91	443
  9700	358	159	159	8	0.0832	0.08203	312.62	238	120	118	96/100	7.45	475
  9800	363	153	153	8	0.08444	0.08043	260.82	243	120	118	96/100	6.70	467
  9900	373	148	148	8	0.07704	0.07228	226.66	253	119	117	95/100	6.82	444
  10000	387	139	139	9	0.0813	0.07187	239.71	272	115	113	99/100	7.00	465
  10100	401	127	127	9	0.07755	0.07443	188.29	299	102	100	97/100	6.30	415
  10200	407	129	129	9	0.07751	0.07164	159.49	302	105	103	95/100	5.95	736
  10300	424	148	148	9	0.0836	0.07566	205.88	315	109	107	98/100	6.04	505
  10400	401	139	139	9	0.08407	0.08066	160.56	295	106	104	97/100	6.28	451
  10500	402	141	141	9	0.0864	0.0821	110.01	294	108	106	95/100	7.20	574
  10600	382	150	150	9	0.07949	0.07749	144.05	275	107	106	95/100	7.32	492
  10700	397	154	153	9	0.0801	0.07546	107.46	282	115	114	96/100	6.79	1007
  10800	411	164	163	10	0.07808	0.07648	216.6	279	132	131	97/100	6.33	465
  10900	404	152	151	12	0.07966	0.07703	187.98	270	134	133	97/100	6.61	485
  11000	403	137	137	12	0.08157	0.07769	123.85	273	130	129	98/100	6.50	465
  11100	413	146	146	12	0.08286	0.077	158.99	279	134	133	98/100	6.56	527
  11200	418	138	138	12	0.08403	0.07582	123.81	288	130	130	99/100	7.16	658
  11300	419	139	139	12	0.08249	0.0756	177.24	288	131	131	98/100	7.27	725
  11400	418	138	137	13	0.08037	0.07578	134.76	295	123	123	98/100	7.86	458
  11500	427	147	146	13	0.08152	0.07893	107.74	308	119	119	96/100	7.64	507
  11600	416	159	158	13	0.08058	0.07587	135.19	295	121	121	99/100	8.01	474
  11700	429	158	157	13	0.07673	0.07397	145.99	318	111	111	97/100	7.89	491
  11800	409	154	154	13	0.08048	0.07666	104.6	295	114	114	98/100	8.30	648
  11900	415	159	159	13	0.08706	0.07807	193.52	299	116	116	97/100	9.19	451
  12000	434	163	163	13	0.08247	0.08003	236.49	320	114	113	98/100	7.99	447
  12100	428	163	163	13	0.0828	0.08198	215.34	296	132	131	98/100	7.61	489
  12200	432	154	154	13	0.07977	0.07769	172.75	303	129	128	98/100	6.90	448
  12300	418	157	157	13	0.0835	0.0753	304.2	288	130	129	96/100	7.69	499
  12400	420	150	150	13	0.07861	0.07238	206.53	297	123	123	95/100	8.05	490
  12500	440	143	143	13	0.07864	0.0763	303.12	311	129	129	98/100	7.92	431
  12600	465	131	131	13	0.08197	0.08035	111.68	338	127	127	99/100	7.04	502
  12700	472	133	133	13	0.0825	0.08259	297.61	340	131	131	99/100	7.77	508
  12800	454	133	133	14	0.08624	0.08121	180.15	318	136	136	100/100	7.84	550
  12900	448	142	142	15	0.08405	0.08108	172.5	313	136	136	100/100	7.53	539
  13000	476	160	160	16	0.07969	0.07803	373.39	338	140	139	99/100	7.62	551
  13100	473	153	153	16	0.0807	0.07515	264.11	338	137	136	98/100	7.51	560
  13200	482	138	137	16	0.08086	0.07642	173.56	354	130	129	98/100	7.92	526
  13300	488	147	146	16	0.08414	0.07966	169.85	352	138	137	99/100	6.79	561
  13400	496	145	144	17	0.08314	0.07692	267.82	353	144	144	100/100	7.57	510
  13500	490	163	162	17	0.08098	0.07449	113.37	323	168	167	98/100	7.68	515
  13600	507	165	164	17	0.07855	0.07322	78.23	347	161	160	99/100	8.88	547
  13700	513	165	164	17	0.08177	0.07428	119.55	352	162	161	99/100	7.22	559
  13800	497	161	160	17	0.08	0.07725	72.25	334	165	164	96/100	6.61	533
  13900	493	145	144	17	0.07944	0.07914	52.38	337	158	158	98/100	6.14	564
  14000	505	140	137	17	0.08022	0.07565	55.65	352	155	155	98/100	7.26	507
  14100	512	142	141	17	0.08148	0.07712	44.05	362	152	152	99/100	7.40	582
  14200	534	146	144	17	0.07809	0.07651	25.66	384	151	151	100/100	6.41	640
  14300	520	141	139	17	0.08121	0.07915	50.12	373	148	148	100/100	7.15	589
  14400	535	143	140	17	0.08917	0.08537	84.21	385	151	151	100/100	6.04	644
  14500	533	159	156	17	0.08865	0.08354	100.7	356	177	177	98/100	6.29	578
  14600	562	160	159	17	0.08556	0.07975	55.92	370	192	192	99/100	7.29	705
  14700	568	159	158	17	0.08055	0.07462	47.8	369	199	199	98/100	8.38	548
  14800	596	155	154	17	0.07454	0.07462	35.1	393	203	203	99/100	7.81	585
  14900	586	160	159	17	0.0777	0.07762	46.93	387	199	199	99/100	8.12	656
  15000	576	141	140	18	0.0836	0.08095	34.28	389	187	187	98/100	6.73	674
  15100	569	131	130	18	0.08771	0.08275	20.77	393	176	176	99/100	6.89	639
  15200	557	133	131	18	0.08454	0.08323	34.25	380	176	176	98/100	7.00	579
  15300	563	138	133	19	0.083	0.07925	64.45	390	172	172	99/100	6.68	609
  15400	562	140	138	19	0.08365	0.07517	39.64	393	168	168	100/100	9.67	626
  15500	602	141	138	19	0.08028	0.0753	27.66	432	169	169	100/100	7.26	697
  15600	611	141	138	20	0.082	0.07793	28.6	439	170	170	99/100	8.12	662
  15700	595	167	165	20	0.08482	0.07994	21.77	426	168	168	100/100	8.80	841
  15800	582	166	164	20	0.08586	0.077	5.74	415	166	166	99/100	7.00	654
  15900	570	150	148	20	0.08287	0.07587	15.22	401	168	168	97/100	6.49	653
  16000	582	136	133	21	0.08099	0.07863	21.76	425	157	157	98/100	7.23	652
  16100	579	133	131	21	0.08331	0.07974	32.74	422	157	157	98/100	7.54	633
  16200	600	131	130	21	0.084	0.08131	44.81	445	155	155	100/100	6.31	603
  16300	609	125	122	21	0.08648	0.085	54.3	459	150	150	99/100	6.97	679
  16400	592	124	122	21	0.08095	0.07856	64.73	444	148	148	99/100	7.49	618
  16500	596	133	129	21	0.08138	0.0767	55.96	446	149	149	99/100	7.58	614
  16600	617	148	146	21	0.08076	0.07571	124.16	470	146	146	100/100	7.55	724
  16700	608	138	136	21	0.08445	0.07844	65.59	468	140	140	100/100	8.24	645
  16800	619	152	150	21	0.08392	0.08216	118.89	469	149	149	100/100	7.14	780
  16900	605	147	145	21	0.08812	0.08092	57.24	449	155	155	100/100	7.01	792
  17000	619	142	140	22	0.08398	0.07683	185.46	461	158	158	100/100	7.24	639
  17100	633	144	140	22	0.08093	0.07497	55.16	472	161	161	99/100	7.17	730
  17200	618	150	146	22	0.08062	0.07191	41.93	451	167	167	99/100	6.72	727
  17300	622	146	145	23	0.08117	0.07459	51.02	455	167	167	99/100	7.15	628
  17400	629	145	144	23	0.08549	0.07931	46.09	464	165	165	98/100	6.36	642
  17500	622	153	152	23	0.08573	0.07879	50.05	462	160	160	100/100	6.16	723
  17600	634	153	152	23	0.09044	0.08142	48.12	469	165	165	100/100	6.23	783
  17700	658	154	153	23	0.08519	0.08011	28.46	487	171	171	100/100	7.18	820
  17800	676	149	148	24	0.08228	0.07832	40.06	508	168	168	100/100	8.47	892
  17900	683	148	147	24	0.08102	0.07688	34.04	516	167	167	100/100	10.85	782
  18000	679	143	141	24	0.08304	0.07908	51.76	517	162	162	99/100	8.05	749
  18100	668	145	144	24	0.08199	0.07766	74.74	499	168	168	100/100	8.28	761
  18200	659	135	134	24	0.08372	0.0786	72.04	496	163	163	100/100	7.55	887
  18300	661	129	126	24	0.08535	0.07973	49.05	504	157	157	100/100	7.80	1635
  18400	682	122	119	24	0.08324	0.07808	39.77	529	153	153	100/100	7.26	756
  18500	682	120	117	24	0.08385	0.07836	35.85	528	154	154	99/100	8.04	725
  18600	694	128	125	24	0.0796	0.07855	56.77	538	156	156	99/100	7.67	736
  18700	711	145	143	24	0.08028	0.07703	121.32	530	180	180	100/100	6.83	751
  18800	717	144	142	24	0.08481	0.07687	56.6	531	184	184	100/100	6.57	761
  18900	692	136	133	24	0.08488	0.0755	69.05	521	171	171	99/100	6.31	709
  19000	685	137	134	24	0.08688	0.07652	82.95	505	180	180	99/100	6.93	740
  19100	713	131	129	24	0.08591	0.0791	23.64	539	174	174	100/100	7.51	720
  19200	740	136	134	24	0.08205	0.07851	186.96	561	179	179	99/100	7.58	774
  19300	742	139	137	24	0.08241	0.07755	87.09	557	185	185	100/100	7.45	792
  19400	736	140	138	24	0.08089	0.07783	85.14	559	177	177	100/100	7.58	804
  19500	746	139	137	24	0.08273	0.07719	79.95	574	171	171	99/100	8.57	896
  19600	740	128	126	24	0.08214	0.07763	57.9	573	166	166	100/100	7.24	823
  19700	731	130	128	24	0.08025	0.07772	61.27	566	164	164	99/100	6.92	765
  19800	735	145	143	25	0.08516	0.08047	45.63	577	158	158	100/100	7.37	745
  19900	723	143	141	27	0.0848	0.08229	67	571	152	152	99/100	7.89	735
  20000	757	130	128	29	0.09149	0.08233	198.02	600	157	157	100/100	8.09	809
  20100	768	122	120	29	0.08672	0.07905	121.25	612	156	156	100/100	7.80	992
  20200	789	127	125	29	0.08032	0.07486	263.72	623	166	166	100/100	7.70	725
  20300	795	121	119	29	0.08536	0.07568	76.87	635	160	160	100/100	7.20	811
  20400	812	121	119	29	0.085	0.0797	72.51	646	165	165	99/100	7.93	854
  20500	829	119	117	30	0.08315	0.079	45.41	668	160	160	100/100	7.05	831
  20600	820	116	114	30	0.08389	0.07774	52.32	662	158	158	99/100	7.22	865
  20700	815	114	112	30	0.08198	0.07701	58.08	656	159	159	100/100	7.19	791
  20800	821	113	111	30	0.08161	0.07967	100.6	664	157	157	100/100	7.99	1373
  20900	846	119	117	30	0.08556	0.08051	99.99	678	168	168	100/100	8.12	861
  21000	846	119	116	30	0.08824	0.08102	57.05	679	167	167	100/100	7.25	982
  21100	844	122	118	30	0.08465	0.0797	27.84	675	169	169	99/100	5.70	968
  21200	849	116	112	30	0.07633	0.07556	24.96	684	164	164	99/100	6.51	1097
  21300	838	125	121	30	0.08166	0.07717	25.26	667	171	171	100/100	8.22	920
  21400	857	127	121	30	0.08138	0.07809	60.07	686	171	170	100/100	7.73	838
  21500	835	128	123	30	0.08661	0.07962	203.63	677	158	157	100/100	8.95	846
  21600	816	115	110	30	0.08913	0.08047	52.05	658	158	157	100/100	8.45	844
  21700	856	127	123	30	0.0867	0.08183	115.73	681	175	174	100/100	7.69	918
  21800	857	129	125	30	0.08906	0.07953	522.36	682	175	174	100/100	7.99	988
  21900	862	118	114	30	0.09203	0.07605	233.62	696	165	164	100/100	7.46	901
  22000	857	111	107	30	0.08096	0.0767	44.64	699	157	156	100/100	8.70	858
  22100	849	97	93	30	0.08151	0.08063	56.59	707	141	141	100/100	7.69	854
  22200	834	93	90	30	0.083	0.0812	65.51	691	141	141	100/100	8.25	868
  22300	845	107	104	30	0.08402	0.07869	81.59	690	155	155	100/100	7.79	861
  22400	859	108	105	30	0.08482	0.07869	25.85	703	156	156	100/100	6.56	1216
  22500	859	102	99	31	0.07825	0.07613	19.27	706	153	153	100/100	6.43	871
  22600	851	103	101	31	0.07645	0.07341	21.61	693	158	158	100/100	6.76	839
  22700	845	100	99	31	0.08153	0.07428	2.93	687	158	158	100/100	7.25	769
  22800	841	99	98	31	0.08028	0.07839	2.24	685	156	156	100/100	6.55	868
  22900	846	95	94	31	0.0822	0.07817	4.12	696	150	150	99/100	6.50	785
  23000	866	89	88	31	0.07742	0.07877	17.07	724	142	142	99/100	7.20	868
  23100	883	94	93	31	0.08011	0.07957	4.65	739	143	143	99/100	6.44	939
  23200	878	97	96	31	0.08366	0.08103	25.38	732	146	146	100/100	7.31	925
  23300	860	108	107	31	0.0868	0.08027	11.89	705	155	155	99/100	8.81	888
  23400	864	104	103	31	0.08825	0.08233	191.08	715	149	149	100/100	7.25	853
  23500	874	111	110	31	0.08819	0.08174	34.71	719	154	154	100/100	7.05	892
  23600	874	105	104	31	0.08326	0.07818	24.24	727	147	147	100/100	7.15	906
  23700	880	99	97	31	0.08139	0.07923	38	742	138	138	100/100	7.11	921
  23800	887	101	100	31	0.08401	0.08118	8.7	746	141	141	100/100	8.19	936
  23900	897	100	99	31	0.0866	0.0822	11.94	751	145	145	100/100	7.51	1437
  24000	904	107	106	31	0.08492	0.08169	9.17	752	152	151	100/100	8.90	990
  24100	896	99	98	31	0.08284	0.07855	65.68	753	143	142	100/100	8.93	944
  24200	906	97	94	31	0.07767	0.07357	41.76	766	140	139	100/100	8.58	972
  24300	906	96	95	31	0.07468	0.07468	19.02	764	142	141	100/100	7.29	878
  24400	906	95	94	31	0.08027	0.07661	12.89	767	139	138	100/100	6.64	973
  24500	917	100	99	31	0.08611	0.07984	6.24	768	149	148	100/100	6.40	939
  24600	927	95	94	31	0.08564	0.08354	10.57	783	144	143	100/100	6.99	939
  24700	948	99	98	31	0.08696	0.08283	35.87	799	149	148	100/100	7.76	1095
  24800	964	98	97	31	0.08092	0.08048	13.39	818	146	145	100/100	6.50	1117
  24900	954	96	95	31	0.07792	0.07705	1.77	811	143	142	100/100	7.30	923
  25000	959	87	86	31	0.0797	0.0771	91.43	824	135	134	100/100	6.92	868
  25100	978	88	87	31	0.08331	0.07742	157.35	841	137	136	100/100	6.80	940
  25200	978	90	89	32	0.08809	0.07896	53.36	842	136	135	100/100	6.80	1138
  25300	986	99	97	32	0.08419	0.07941	39.25	836	150	149	100/100	6.72	1101
  25400	954	89	87	32	0.08297	0.07674	36.65	817	137	136	100/100	6.45	953
  25500	959	90	89	32	0.08342	0.0778	25.54	822	136	135	100/100	6.35	944
  25600	982	85	84	32	0.07838	0.07951	20.24	849	133	132	100/100	6.06	907
  25700	983	77	76	32	0.08167	0.07933	4.21	858	125	124	100/100	5.82	931
  25800	984	75	74	32	0.08168	0.07802	56.92	861	123	121	100/100	6.44	967
  25900	990	80	79	32	0.08581	0.07767	186.17	863	127	126	100/100	6.63	1010
  26000	978	83	82	32	0.08583	0.0763	148.17	850	128	127	100/100	7.17	1005
  26100	980	82	81	32	0.08702	0.07839	55.85	852	128	127	100/100	8.19	1294
  26200	1003	81	80	32	0.08115	0.07951	16.45	876	127	126	100/100	9.39	927
  26300	1026	80	79	32	0.08615	0.08092	9.12	897	127	126	100/100	8.91	1002
  26400	1020	80	79	32	0.08474	0.0807	26.5	890	129	128	100/100	7.28	1028
  26500	1029	83	82	32	0.08366	0.08141	29.04	895	133	132	100/100	7.00	1105
  26600	1026	80	79	32	0.08186	0.08	32.99	897	128	127	100/100	6.79	1146
  26700	1024	85	84	32	0.08059	0.07967	48.81	888	135	134	100/100	7.65	1123
  26800	1027	91	90	32	0.08097	0.07981	17.02	883	143	142	100/100	7.54	1085
  26900	1027	99	98	32	0.08387	0.08377	11.52	874	152	151	100/100	8.62	1176
  27000	1022	94	93	32	0.08631	0.08427	2.78	877	144	143	100/100	7.44	997
  27100	1023	89	88	32	0.08472	0.08303	12.21	878	144	143	100/100	7.91	992
  27200	1040	82	81	32	0.08308	0.083	24.45	903	136	135	100/100	10.76	1113
  27300	1043	82	81	32	0.08422	0.07835	33.36	905	137	136	100/100	8.72	1105
  27400	1027	81	80	32	0.07994	0.07527	29.89	892	134	133	100/100	8.41	1010
  27500	1028	84	83	32	0.08296	0.07741	21.79	890	137	136	100/100	9.66	1036
  27600	1039	85	84	32	0.08415	0.07817	14.93	900	137	136	100/100	7.77	1039
  27700	1042	84	83	32	0.08101	0.07788	48.54	901	139	138	100/100	8.36	1044
  27800	1042	77	76	32	0.08576	0.07725	5.26	909	131	130	100/100	8.15	1042
  27900	1058	85	85	32	0.08793	0.08159	219.36	918	138	137	100/100	7.76	1147
  28000	1057	89	89	32	0.08877	0.08052	63.57	912	143	142	100/100	8.72	1176
  28100	1051	83	83	33	0.08516	0.08192	23.11	916	133	132	100/100	7.92	1042
  28200	1045	79	77	33	0.08197	0.08158	102.4	914	129	128	100/100	8.86	1029
  28300	1058	79	76	33	0.08145	0.0798	20.06	924	132	131	100/100	8.10	1014
  28400	1073	84	81	33	0.08022	0.07645	63.1	938	133	133	100/100	8.18	1033
  28500	1077	91	89	33	0.08086	0.07858	8.09	937	138	138	100/100	7.31	1125
  28600	1068	89	87	33	0.07977	0.07951	1.84	929	137	137	100/100	9.40	1123
  28700	1068	85	82	33	0.0853	0.07951	5.53	929	137	137	100/100	8.88	1088
  28800	1064	75	72	33	0.08604	0.08051	0.2	935	125	125	100/100	7.86	1027
  28900	1078	77	74	33	0.08138	0.08013	39.33	946	128	128	100/100	7.22	1103
  29000	1096	80	77	33	0.07582	0.07905	5.12	962	130	130	100/100	6.99	1219
  29100	1108	75	72	33	0.07373	0.07711	5.92	977	127	127	100/100	7.28	1188
  29200	1112	71	69	33	0.07788	0.07748	0.32	986	122	122	100/100	8.60	1148
  29300	1114	68	66	33	0.07991	0.08223	0.07	993	117	117	100/100	6.97	1337
  29400	1115	66	64	33	0.09232	0.08459	0.09	996	115	115	100/100	6.64	1238
  29500	1130	64	62	33	0.08311	0.08336	0.01	1014	112	112	100/100	6.37	1179
  29600	1129	74	71	33	0.08068	0.08059	16.98	1004	121	121	100/100	6.18	1459
  29700	1123	75	73	33	0.07804	0.07637	9.83	995	124	124	100/100	6.79	1253
  29800	1143	74	72	33	0.07896	0.07563	3.57	1016	123	123	100/100	7.25	1063
  29900	1155	70	68	33	0.08095	0.07923	0.79	1033	118	118	100/100	7.90	1074
  30000	1154	75	73	33	0.08336	0.08158	0.25	1021	128	128	100/100	7.28	1143
== r36-s2  (**Ended:** budget reached.)
  t	alive	jointed	jnt inh	diverged	spd jnt	spd rig	work J/s	photo inh	absorpt	inherit	cols	x sd	wraps
  100	40	18	4	0	0.06145	0.06079	63.09	11	6	0	32/100	5.08	29
  200	52	18	8	0	0.08251	0.07402	140.87	32	3	0	41/100	5.53	48
  300	74	30	22	0	0.08136	0.0699	296.97	56	4	2	48/100	5.32	68
  400	102	45	37	0	0.09514	0.07048	401.22	84	4	2	59/100	6.60	97
  500	125	55	48	0	0.09712	0.0661	556.16	108	4	2	70/100	7.82	155
  600	156	70	63	0	0.10997	0.07176	668.9	139	4	2	79/100	6.35	296
  700	176	81	73	2	0.11312	0.07405	855.42	158	4	2	80/100	6.43	353
  800	201	96	88	2	0.10892	0.07268	936.52	183	4	2	90/100	6.15	363
  900	220	110	102	3	0.12164	0.0723	1148.57	204	4	2	89/100	6.89	497
  1000	237	119	113	3	0.1128	0.07294	1281.68	224	4	2	88/100	6.56	421
  1100	264	127	121	4	0.11287	0.07281	1367.13	249	5	3	92/100	6.27	493
  1200	289	125	119	6	0.11017	0.07908	1290.81	275	5	3	91/100	5.95	560
  1300	305	132	126	6	0.10758	0.07656	1410.43	291	5	3	95/100	6.70	492
  1400	309	136	129	7	0.11082	0.07827	1348.84	295	5	3	96/100	7.51	523
  1500	338	159	151	7	0.11457	0.07702	1525.6	322	7	5	94/100	6.58	587
  1600	376	173	165	9	0.11189	0.07712	1530.43	357	9	7	94/100	6.47	694
  1700	402	165	157	9	0.10561	0.07597	1507.22	382	12	10	99/100	8.53	682
  1800	417	163	155	11	0.11045	0.07926	1516.62	394	14	12	97/100	8.08	710
  1900	440	167	158	12	0.1042	0.08181	1591.32	416	18	16	100/100	7.52	599
  2000	464	163	154	14	0.10784	0.08085	1564.22	437	20	18	100/100	6.90	712
  2100	504	168	159	15	0.11292	0.08094	1647.76	477	21	20	98/100	6.86	779
  2200	529	158	148	16	0.10623	0.08219	1479.91	502	21	20	100/100	6.99	803
  2300	564	156	146	17	0.10532	0.07903	1562.41	535	23	22	98/100	7.42	893
  2400	590	149	139	18	0.09997	0.07899	1467.64	558	26	25	100/100	8.71	725
  2500	620	151	139	18	0.10345	0.08159	1443.48	588	26	25	99/100	6.22	814
  2600	648	148	136	18	0.11146	0.08465	1460.25	616	26	25	100/100	6.22	997
  2700	669	147	135	18	0.1102	0.08769	1402.32	638	26	25	100/100	6.81	1022
  2800	695	147	133	20	0.11563	0.0834	1426.98	663	27	26	100/100	7.43	1068
  2900	698	148	134	21	0.10819	0.07819	1522.34	668	25	23	100/100	8.65	1103
  3000	724	148	134	21	0.10609	0.07636	1521.43	696	24	22	100/100	8.48	1013
  3100	750	155	144	21	0.10318	0.08051	1557.52	723	23	21	99/100	7.60	943
  3200	755	146	137	21	0.11144	0.08192	1440.45	724	27	25	99/100	7.03	1054
  3300	785	143	135	24	0.1114	0.08157	1449.53	746	34	32	100/100	6.67	1144
  3400	804	138	131	25	0.11331	0.07896	1416.34	763	35	33	100/100	6.63	1239
  3500	814	130	121	25	0.10365	0.07822	1265.83	767	42	40	98/100	7.98	1125
  3600	825	129	120	26	0.1004	0.07831	1139.45	772	49	47	100/100	9.74	1186
  3700	841	123	114	27	0.10281	0.08238	1188.56	786	51	49	100/100	8.31	1047
  3800	874	127	117	27	0.11117	0.08417	1226.16	818	52	51	100/100	6.72	1174
  3900	891	122	114	27	0.10919	0.08346	1146.28	831	57	56	100/100	6.52	1641
  4000	928	124	116	28	0.11017	0.08274	1292.83	861	64	63	100/100	7.88	1236
  4100	960	117	111	29	0.10702	0.08025	1148.27	902	55	54	100/100	7.51	1157
  4200	984	116	110	29	0.10485	0.08114	1243.31	925	56	55	100/100	7.36	1210
  4300	1022	116	110	29	0.10631	0.08573	1142.31	963	56	55	100/100	7.67	1299
  4400	1028	112	106	29	0.10557	0.08572	1059.03	969	56	55	100/100	6.62	1261
  4500	1030	113	104	30	0.10697	0.08353	1127.38	968	59	58	100/100	7.54	1207
  4600	1037	121	114	30	0.10073	0.08165	1335.38	970	63	62	100/100	7.56	1217
  4700	1053	110	102	30	0.09398	0.07802	1020.17	993	57	57	100/100	6.84	1162
  4800	1075	110	100	30	0.09674	0.07883	1115.47	1020	52	52	100/100	6.07	1473
  4900	1089	112	101	30	0.10588	0.08541	1169.62	1040	46	46	100/100	6.52	1232
  5000	1100	101	92	31	0.11274	0.08812	1039.88	1045	52	51	100/100	7.49	1523
  5100	1113	91	81	32	0.11416	0.08544	832.22	1055	57	56	100/100	7.11	1391
  5200	1120	94	87	32	0.10889	0.08293	975.42	1075	44	43	100/100	7.35	1262
  5300	1142	82	77	33	0.09835	0.08037	887.5	1100	40	38	100/100	8.00	1224
  5400	1173	84	78	34	0.10553	0.0798	868.38	1121	51	49	100/100	7.86	1430
  5500	1198	81	75	35	0.10776	0.0815	824.3	1153	44	42	100/100	6.93	1469
  5600	1179	81	76	35	0.10613	0.08274	855.07	1137	41	39	100/100	7.32	1498
  5700	1194	93	88	36	0.10121	0.08353	972.92	1148	45	43	100/100	9.18	1410
  5800	1191	90	86	36	0.10044	0.08189	786.6	1143	47	45	100/100	8.71	1300
  5900	1188	85	81	37	0.10384	0.08169	737.32	1144	43	41	100/100	7.58	1425
  6000	1198	81	77	37	0.10781	0.08493	750.22	1159	38	36	100/100	7.41	1474
  6100	1212	70	67	38	0.10429	0.08679	692.84	1172	39	36	100/100	7.26	1579
  6200	1231	65	62	38	0.10104	0.08865	661.4	1190	40	37	100/100	6.83	1647
  6300	1264	64	59	39	0.10514	0.08452	594.35	1216	46	43	100/100	7.71	1637
  6400	1289	66	61	39	0.10728	0.07881	609.89	1241	47	44	100/100	7.75	1549
  6500	1293	71	66	41	0.09384	0.07926	690.04	1244	48	45	100/100	7.90	1341
  6600	1299	69	66	41	0.10643	0.0838	667.77	1250	48	45	100/100	8.02	1475
  6700	1299	73	70	42	0.10915	0.08531	747.66	1246	52	49	100/100	7.40	1414
  6800	1315	58	55	42	0.10561	0.08434	578.35	1248	66	63	100/100	7.02	1469
  6900	1318	62	57	42	0.10363	0.08293	665.39	1250	67	64	100/100	7.00	1450
  7000	1322	57	51	42	0.10637	0.0804	578.24	1246	75	72	100/100	7.43	1449
  7100	1325	56	49	43	0.09864	0.07956	532.68	1240	84	81	100/100	8.60	1320
  7200	1348	56	46	43	0.10136	0.07928	560.96	1263	84	81	100/100	7.82	1567
  7300	1368	54	44	43	0.09846	0.08454	564.66	1288	80	77	100/100	8.07	2077
  7400	1385	55	46	44	0.11048	0.08719	579.57	1307	78	75	100/100	7.64	1587
  7500	1400	52	44	45	0.112	0.08657	527.27	1323	77	74	100/100	8.50	1561
  7600	1397	51	43	45	0.09874	0.0837	498.88	1314	83	80	100/100	9.42	1380
  7700	1399	49	41	45	0.09777	0.08245	499.8	1315	84	81	100/100	7.59	1412
  7800	1413	48	40	45	0.10199	0.08045	450.39	1329	84	81	100/100	6.39	1496
  7900	1425	48	40	45	0.09864	0.08162	470.71	1334	91	88	100/100	6.10	1539
  8000	1408	50	42	45	0.11055	0.08579	469.66	1315	93	90	100/100	6.67	1612
  8100	1408	50	41	45	0.10229	0.0861	512.64	1317	91	88	100/100	7.09	1767
  8200	1418	47	38	45	0.10724	0.08446	494.9	1325	93	90	100/100	9.18	1676
  8300	1440	46	37	45	0.10455	0.0821	447.74	1333	107	104	100/100	7.35	1591
  8400	1451	45	36	45	0.10524	0.08234	418.06	1341	110	107	100/100	7.38	1612
  8500	1436	43	34	45	0.1078	0.08345	470.53	1322	114	111	100/100	7.11	1555
  8600	1424	48	39	45	0.10786	0.08473	430.66	1308	116	113	100/100	8.15	1590
  8700	1405	41	33	45	0.11806	0.08299	380.98	1288	117	114	100/100	6.65	1635
  8800	1410	39	31	46	0.1094	0.07799	386.03	1289	121	118	100/100	6.43	1560
  8900	1424	41	33	46	0.09984	0.07712	438.72	1294	130	128	100/100	6.99	1590
  9000	1446	42	32	47	0.10072	0.0788	483.9	1318	128	126	100/100	7.01	1666
  9100	1461	41	32	48	0.10902	0.08416	359.17	1325	136	134	100/100	7.18	1756
  9200	1456	40	32	48	0.10644	0.08697	366.58	1322	134	132	100/100	6.59	1717
  9300	1451	39	32	49	0.10151	0.08399	416.43	1316	135	133	100/100	6.59	1889
  9400	1428	40	33	49	0.0941	0.08143	362.88	1296	132	131	100/100	7.86	1609
  9500	1452	38	31	49	0.10073	0.07892	353.33	1316	136	135	100/100	9.59	1409
  9600	1468	37	30	49	0.10335	0.08106	350.12	1334	134	133	100/100	7.50	1502
  9700	1463	35	29	49	0.11029	0.08392	349.61	1332	131	130	100/100	7.51	1519
  9800	1466	36	29	49	0.10712	0.08706	340.17	1327	138	137	100/100	8.75	1588
  9900	1441	40	33	49	0.11008	0.08696	344.29	1308	133	132	100/100	7.31	1543
  10000	1457	45	38	49	0.10121	0.08356	385.64	1323	134	133	100/100	6.32	1449
  10100	1447	47	40	49	0.09417	0.07924	432.7	1306	140	139	100/100	7.13	1503
  10200	1467	39	32	49	0.09764	0.08091	331.06	1328	139	138	100/100	7.75	1415
  10300	1492	40	33	49	0.10577	0.0816	333.94	1356	135	135	100/100	7.61	1381
  10400	1495	34	27	49	0.10357	0.08537	352.44	1361	134	134	100/100	7.60	1570
  10500	1491	33	26	49	0.10586	0.08565	335.92	1355	136	136	100/100	7.41	1641
  10600	1489	31	24	49	0.10316	0.08247	316.95	1355	134	134	100/100	8.30	1633
  10700	1498	29	22	49	0.0966	0.08118	267.52	1360	137	137	100/100	7.20	1473
  10800	1485	35	28	49	0.09848	0.08306	326.12	1354	131	131	100/100	6.43	1729
  10900	1482	34	28	49	0.107	0.08449	344.95	1342	140	140	100/100	6.44	2142
  11000	1488	29	25	49	0.11054	0.08495	283.69	1353	135	135	100/100	7.17	1925
  11100	1498	33	30	49	0.10206	0.08411	335.45	1354	144	144	100/100	7.28	1815
  11200	1485	32	29	49	0.09729	0.08206	366.53	1343	142	142	100/100	7.41	1505
  11300	1510	31	28	49	0.10855	0.08207	333.45	1376	134	134	100/100	7.29	1541
  11400	1509	28	25	49	0.10953	0.08318	264.06	1380	129	128	100/100	6.58	1600
  11500	1486	28	24	49	0.11465	0.08658	278.42	1361	125	124	100/100	6.46	1562
  11600	1485	27	24	49	0.11681	0.08807	328.29	1366	118	117	100/100	6.37	1715
  11700	1508	26	23	49	0.12299	0.08449	278.65	1387	120	119	100/100	6.99	1683
  11800	1527	26	23	49	0.10058	0.08054	251.55	1403	123	122	100/100	7.43	1773
  11900	1534	31	27	49	0.1066	0.07936	344.06	1411	122	121	100/100	7.39	1714
  12000	1534	28	23	49	0.11357	0.08171	331	1408	125	124	100/100	7.71	1827
  12100	1528	30	27	49	0.11967	0.08529	369.96	1404	123	122	100/100	6.39	2120
  12200	1502	24	22	51	0.11234	0.08689	261.36	1382	119	118	100/100	6.66	1774
  12300	1491	25	21	51	0.10928	0.08569	257.63	1374	116	115	100/100	7.78	1718
  12400	1506	24	20	51	0.0972	0.08229	242.78	1392	113	112	100/100	6.71	1574
  12500	1505	19	17	52	0.09274	0.07726	260.71	1384	120	119	100/100	7.54	1441
  12600	1519	17	15	52	0.11528	0.07744	156.47	1390	128	127	100/100	7.60	1350
  12700	1523	19	15	52	0.0977	0.08051	206.61	1390	132	131	100/100	8.25	1440
  12800	1518	19	17	52	0.11235	0.08486	190.04	1383	134	132	100/100	9.97	1744
  12900	1519	18	16	52	0.09584	0.08705	194.55	1387	131	129	100/100	8.78	1778
  13000	1503	17	15	52	0.09885	0.0844	178.04	1369	133	131	100/100	7.85	1616
  13100	1491	16	13	52	0.10688	0.08374	194.64	1352	138	136	100/100	7.72	1423
  13200	1501	14	12	52	0.11596	0.08436	174.57	1364	135	133	100/100	7.67	1497
  13300	1511	15	12	52	0.11195	0.08621	218.67	1379	130	128	100/100	7.30	1592
  13400	1503	14	12	52	0.10665	0.08388	143.68	1374	127	125	100/100	7.41	1611
  13500	1504	13	11	52	0.09847	0.08186	178.01	1377	125	123	100/100	7.29	1614
  13600	1508	12	10	52	0.11219	0.08096	150.5	1385	121	118	100/100	7.76	1767
  13700	1514	14	10	52	0.11817	0.08221	235.55	1391	121	118	100/100	9.63	1837
  13800	1533	13	10	52	0.10433	0.08541	210.11	1409	122	119	100/100	10.34	1734
  13900	1517	14	11	52	0.10213	0.08529	215	1398	117	114	100/100	9.31	1872
  14000	1531	13	10	52	0.10593	0.08337	207.69	1416	112	109	100/100	8.28	1602
  14100	1564	13	10	52	0.09377	0.08381	188.16	1449	112	109	100/100	7.10	1653
  14200	1578	13	10	52	0.10272	0.08112	167.74	1463	112	109	100/100	8.32	1613
  14300	1576	13	10	52	0.09117	0.07777	161.64	1464	109	106	100/100	8.92	1701
  14400	1569	13	10	52	0.10441	0.08002	180.41	1463	103	100	100/100	7.86	1725
  14500	1578	12	10	53	0.10818	0.08617	172.19	1478	98	95	100/100	7.99	1901
  14600	1581	13	10	53	0.11633	0.08719	191.01	1482	96	93	100/100	7.84	1899
  14700	1580	12	10	53	0.11585	0.08583	143.25	1484	92	89	100/100	7.24	1793
  14800	1553	11	9	53	0.10535	0.08324	155.78	1459	90	87	100/100	7.74	1552
  14900	1526	9	8	53	0.10086	0.07874	141.43	1434	89	86	100/100	8.65	1574
  15000	1535	9	8	53	0.10041	0.08033	127.82	1444	88	86	100/100	7.38	1506
  15100	1543	9	8	53	0.10333	0.08613	111.17	1456	84	82	100/100	7.27	1597
  15200	1561	9	8	53	0.10271	0.08816	141.83	1479	78	76	100/100	6.61	1671
  15300	1570	9	8	53	0.10641	0.08896	129.65	1488	79	77	100/100	7.76	1727
  15400	1576	10	8	53	0.11254	0.085	139.1	1499	74	72	100/100	7.01	1772
  15500	1563	12	9	53	0.09571	0.0794	149	1489	71	69	100/100	7.07	1531
  15600	1571	12	10	53	0.10309	0.07969	201.96	1499	69	67	100/100	9.51	1590
  15700	1588	12	11	53	0.11288	0.08269	144.3	1518	67	65	100/100	7.78	1715
  15800	1592	11	10	53	0.11267	0.08291	136.58	1523	66	64	100/100	7.82	1775
  15900	1592	11	10	53	0.09538	0.0813	123.92	1519	70	68	100/100	8.18	1777
  16000	1582	10	9	53	0.10643	0.08109	120.32	1509	70	68	100/100	7.85	1634
  16100	1579	8	7	54	0.09958	0.08008	95.66	1511	65	64	100/100	7.07	1519
  16200	1584	8	7	54	0.10028	0.08217	97.7	1516	65	64	100/100	6.78	1588
  16300	1595	8	7	54	0.10312	0.08453	104.96	1524	68	67	100/100	8.08	1706
  16400	1587	9	8	54	0.1018	0.08676	108.11	1517	67	66	100/100	7.55	1845
  16500	1597	8	8	54	0.10817	0.08561	90.94	1528	66	65	100/100	8.80	1811
  16600	1571	7	7	54	0.09767	0.08381	89.49	1504	64	63	100/100	9.00	1849
  16700	1569	7	7	54	0.08451	0.07991	86.87	1505	61	60	100/100	8.80	1700
  16800	1570	7	7	54	0.09137	0.08304	73.32	1508	59	58	100/100	7.97	1617
  16900	1554	7	7	54	0.09745	0.08939	89.23	1496	55	54	100/100	7.88	1567
  17000	1570	7	7	54	0.08342	0.08735	94.33	1512	55	54	100/100	9.09	1604
  17100	1577	7	7	54	0.10005	0.0865	78.37	1519	54	53	100/100	7.90	1880
  17200	1555	7	7	54	0.08704	0.08172	82.29	1497	54	53	100/100	8.85	1778
  17300	1541	7	7	54	0.08876	0.07949	87.37	1477	61	60	100/100	7.30	1692
  17400	1546	8	7	54	0.09638	0.08219	134.97	1478	65	64	100/100	8.05	1779
  17500	1573	8	7	54	0.09997	0.08426	115.27	1505	66	65	100/100	7.87	1873
  17600	1586	8	7	54	0.1073	0.08406	103.51	1517	67	66	100/100	7.30	1716
  17700	1595	6	5	54	0.11404	0.08431	98.14	1527	66	65	100/100	6.54	1715
  17800	1614	6	5	54	0.12754	0.081	101.44	1545	67	66	100/100	6.77	1775
  17900	1625	6	5	54	0.11244	0.07998	74.94	1555	68	67	100/100	7.96	1798
  18000	1633	7	5	54	0.14022	0.08175	113.21	1555	76	73	100/100	8.20	1603
  18100	1622	7	5	54	0.1262	0.08235	79.8	1548	72	69	100/100	6.67	1435
  18200	1627	7	5	54	0.09053	0.08206	98.56	1552	73	70	100/100	7.19	1615
  18300	1620	6	5	54	0.10249	0.08302	75.8	1545	73	70	100/100	7.17	1857
  18400	1607	6	5	54	0.10344	0.08403	68.98	1531	74	71	100/100	7.31	1943
  18500	1608	6	5	54	0.09747	0.08463	70.55	1531	75	72	100/100	8.93	1776
  18600	1631	6	5	54	0.09134	0.08517	99.37	1555	75	72	100/100	8.28	1670
  18700	1630	7	5	54	0.09667	0.0855	70.02	1552	77	74	100/100	7.98	1681
  18800	1618	6	5	54	0.11024	0.08601	81.81	1540	77	74	100/100	7.45	1744
  18900	1611	6	5	54	0.10571	0.08355	68.69	1531	79	76	100/100	8.30	1791
  19000	1602	6	5	54	0.10006	0.08247	90.64	1519	81	78	100/100	7.87	1818
  19100	1585	6	4	54	0.10415	0.08106	93.49	1499	85	82	100/100	6.96	1793
  19200	1584	5	4	54	0.08351	0.08172	63.31	1493	90	87	100/100	8.27	1606
  19300	1594	5	4	54	0.0971	0.08727	66.67	1504	89	86	100/100	7.37	1707
  19400	1601	4	3	54	0.11033	0.08708	84.92	1514	86	83	100/100	7.60	1650
  19500	1583	3	3	54	0.10099	0.08475	48.5	1498	84	81	100/100	10.45	1777
  19600	1585	5	3	54	0.12437	0.08162	73.97	1500	84	81	100/100	7.95	1712
  19700	1576	4	3	54	0.09712	0.08055	95.8	1494	81	78	100/100	7.74	1644
  19800	1584	4	3	54	0.1266	0.08327	66.64	1502	81	78	100/100	8.21	1655
  19900	1597	5	4	54	0.13562	0.08494	112.81	1516	80	77	100/100	7.93	1826
  20000	1609	5	4	54	0.10409	0.08737	68.11	1528	79	76	100/100	8.48	1778
  20100	1628	5	4	54	0.10526	0.09013	117.8	1547	80	77	100/100	7.67	1859
  20200	1635	4	3	54	0.10655	0.08744	64.9	1554	80	77	100/100	7.98	1876
  20300	1639	4	3	54	0.11948	0.08369	93.09	1561	78	75	100/100	7.94	1898
  20400	1665	4	3	54	0.10993	0.08545	76.19	1586	79	76	100/100	8.08	1863
  20500	1668	6	5	54	0.10183	0.08701	109.93	1590	78	75	100/100	8.05	1677
  20600	1641	4	3	54	0.11805	0.08538	70.56	1563	78	75	100/100	7.64	1744
  20700	1641	4	3	54	0.09941	0.08495	104.5	1565	76	73	100/100	7.76	1585
  20800	1629	3	2	54	0.09374	0.08378	52.8	1550	79	76	100/100	7.56	1583
  20900	1625	5	2	54	0.08461	0.08463	122.18	1540	84	81	100/100	7.98	1695
  21000	1638	4	1	54	0.09423	0.08561	98.86	1544	94	91	100/100	8.29	1694
  21100	1632	3	0	54	0.14945	0.08487	71.22	1530	102	99	100/100	8.72	1707
  21200	1634	3	0	54	0.14097	0.0829	78.25	1531	103	100	100/100	8.54	1824
  21300	1628	3	0	54	0.1223	0.08176	97.59	1526	102	99	100/100	8.85	1662
  21400	1636	3	0	54	0.11478	0.0819	44.52	1533	103	100	100/100	7.79	1663
  21500	1641	3	0	54	0.10932	0.08063	103.57	1536	105	102	100/100	8.27	1661
  21600	1634	4	0	54	0.10065	0.08286	98.87	1519	115	113	100/100	8.52	1667
  21700	1628	4	0	54	0.11924	0.08685	111.36	1509	119	117	100/100	9.03	1793
  21800	1601	4	0	54	0.11913	0.08858	100.76	1479	122	120	100/100	8.70	1868
  21900	1611	4	0	54	0.14536	0.08619	140.5	1491	120	118	100/100	8.91	1956
  22000	1621	4	0	54	0.1198	0.08279	61.56	1505	116	114	100/100	9.46	1802
  22100	1627	4	0	54	0.10835	0.07987	142.46	1513	114	111	100/100	7.79	1781
  22200	1642	4	0	54	0.11961	0.07961	100.17	1528	114	111	100/100	7.65	1694
  22300	1642	4	0	54	0.11009	0.08559	120.81	1522	120	117	100/100	7.71	1958
  22400	1630	4	0	54	0.13968	0.08947	84.85	1514	116	113	100/100	7.78	1977
  22500	1617	4	0	54	0.11902	0.09131	133	1493	124	121	100/100	6.93	2004
  22600	1604	4	0	54	0.11958	0.08546	82.66	1482	122	119	100/100	8.02	1925
  22700	1608	3	0	55	0.10715	0.08357	86.21	1488	120	117	100/100	7.59	1899
  22800	1601	3	0	55	0.10994	0.08267	58.84	1482	119	116	100/100	7.51	1705
  22900	1589	6	3	55	0.09454	0.08391	178.28	1469	120	117	100/100	7.58	1573
  23000	1582	6	3	55	0.08554	0.08272	160.59	1468	114	111	100/100	7.41	1591
  23100	1592	6	3	55	0.08643	0.08167	193.82	1482	110	107	100/100	7.02	1746
  23200	1598	6	3	55	0.11371	0.0816	152.12	1493	105	102	100/100	6.33	1743
  23300	1613	6	3	55	0.12153	0.08216	146.54	1512	101	98	100/100	6.15	1715
  23400	1615	6	3	55	0.12306	0.08459	164.6	1516	99	96	100/100	6.53	1706
  23500	1609	7	3	55	0.1135	0.08402	198.66	1512	96	93	100/100	7.65	1503
  23600	1608	7	3	55	0.11178	0.0851	179.27	1513	94	91	100/100	7.88	2120
  23700	1601	7	3	55	0.11283	0.08453	154.76	1501	99	96	100/100	8.33	1751
  23800	1611	7	3	55	0.09483	0.08085	178.71	1509	101	98	100/100	7.93	1768
  23900	1617	7	3	55	0.08965	0.08091	180.69	1517	99	95	100/100	8.30	1716
  24000	1614	7	3	55	0.11213	0.08478	138.36	1517	96	92	100/100	7.29	1743
  24100	1600	7	3	55	0.11965	0.0902	185.06	1504	95	90	100/100	6.93	1659
  24200	1587	5	2	55	0.10618	0.09067	112.85	1482	104	99	100/100	7.29	1790
  24300	1566	7	4	55	0.10778	0.0867	154.38	1455	110	105	100/100	7.67	1705
  24400	1581	8	5	55	0.1152	0.08218	132.31	1475	105	100	100/100	9.10	1707
  24500	1591	8	5	55	0.11639	0.08348	226.27	1484	106	101	100/100	7.11	1861
  24600	1604	7	5	55	0.11167	0.0856	113.02	1494	110	106	100/100	6.79	1823
  24700	1594	6	4	55	0.07741	0.08676	169.16	1489	105	101	100/100	6.83	1773
  24800	1565	4	3	55	0.09233	0.08725	46.72	1455	110	106	100/100	6.77	1622
  24900	1551	4	3	55	0.10217	0.08495	110.68	1441	109	106	100/100	6.77	1590
  25000	1558	4	3	55	0.08612	0.07966	58.88	1450	107	104	100/100	7.80	1636
  25100	1564	4	3	55	0.09389	0.08118	125.15	1462	101	98	100/100	7.96	1731
  25200	1538	4	3	55	0.09087	0.08227	54.67	1429	107	104	100/100	7.64	1619
  25300	1561	4	3	55	0.10126	0.08437	98.49	1453	106	103	100/100	7.02	1706
  25400	1564	4	3	55	0.0957	0.0837	73.77	1456	106	103	100/100	7.60	1662
  25500	1583	5	3	55	0.09018	0.0861	111.09	1478	103	100	100/100	7.71	1766
  25600	1589	4	2	55	0.07545	0.08512	63.14	1490	97	95	100/100	9.29	1788
  25700	1586	3	2	55	0.11744	0.08407	72.22	1485	100	98	100/100	7.12	1796
  25800	1583	3	2	55	0.09828	0.08367	51.63	1484	98	97	100/100	6.23	1696
  25900	1588	3	2	55	0.093	0.08607	83.48	1488	99	98	100/100	7.37	1530
  26000	1594	3	2	55	0.09178	0.08684	50.15	1490	103	102	100/100	7.75	1481
  26100	1606	3	2	55	0.08426	0.08464	76.57	1501	104	103	100/100	7.76	1528
  26200	1600	3	2	55	0.10671	0.08173	61.48	1493	106	105	100/100	8.21	1517
  26300	1600	3	2	55	0.08228	0.08042	66.92	1497	102	101	100/100	7.69	1542
  26400	1585	3	2	55	0.12558	0.08405	64.56	1481	103	102	100/100	6.98	1482
  26500	1583	3	2	55	0.11167	0.08559	61.46	1480	102	101	100/100	7.41	1648
  26600	1588	3	2	55	0.11547	0.08707	70.74	1485	101	100	100/100	7.95	1602
  26700	1603	3	2	55	0.10425	0.08433	77.89	1500	100	99	100/100	9.09	1748
  26800	1603	3	2	55	0.10105	0.08289	53.67	1500	100	99	100/100	8.93	1777
  26900	1613	3	2	55	0.13675	0.08202	66.11	1509	102	101	100/100	7.53	1963
  27000	1614	3	2	55	0.11921	0.08275	59.66	1509	103	102	100/100	7.15	1686
  27100	1620	3	2	55	0.10187	0.08478	80.87	1512	105	104	100/100	8.97	1870
  27200	1625	8	7	55	0.09772	0.08582	128.29	1521	102	101	100/100	8.73	1871
  27300	1620	7	7	55	0.1051	0.08753	103.74	1519	99	98	100/100	7.07	1962
  27400	1617	6	5	55	0.10708	0.08649	105.08	1513	102	101	100/100	7.55	1972
  27500	1611	4	4	55	0.09062	0.08588	66.81	1503	106	105	100/100	8.19	1670
  27600	1608	4	4	55	0.11575	0.08756	77.61	1503	103	102	100/100	7.03	1870
  27700	1609	4	4	55	0.09733	0.08726	56.87	1502	105	104	100/100	7.20	1819
  27800	1615	4	4	55	0.10062	0.08558	67.65	1514	99	99	100/100	7.36	1649
  27900	1626	4	4	55	0.10777	0.0847	69.09	1525	98	98	100/100	6.83	1677
  28000	1625	4	4	55	0.08717	0.08467	66.8	1527	95	95	100/100	7.51	1712
  28100	1636	4	4	55	0.09731	0.0854	71.36	1537	96	96	100/100	7.78	1742
  28200	1631	7	6	55	0.11415	0.08582	142.74	1531	97	97	100/100	7.20	1945
  28300	1650	7	6	55	0.10759	0.08616	130.97	1551	96	96	100/100	6.56	1956
  28400	1663	6	5	55	0.12137	0.08467	88.48	1566	94	94	100/100	6.96	1823
  28500	1653	7	5	55	0.0913	0.08172	110.35	1552	98	98	100/100	6.64	1715
  28600	1631	6	5	55	0.09535	0.08009	91.82	1533	95	95	100/100	7.63	1520
  28700	1626	6	5	55	0.09068	0.08157	99.14	1528	93	93	100/100	8.92	1595
  28800	1634	6	5	55	0.1188	0.08593	84.2	1539	91	91	100/100	8.31	1671
  28900	1627	6	5	55	0.11518	0.09025	104.14	1537	86	86	100/100	8.26	1646
  29000	1634	7	5	55	0.10886	0.08772	112.59	1541	90	90	100/100	8.84	1693
  29100	1629	6	5	55	0.0956	0.08421	99.27	1536	91	91	100/100	8.11	2295
  29200	1623	8	5	55	0.09098	0.08181	123.36	1529	92	92	100/100	8.52	1769
  29300	1617	6	5	55	0.09999	0.08119	98.98	1520	95	95	100/100	8.85	1780
  29400	1615	5	4	55	0.1133	0.08257	78.23	1516	97	97	100/100	7.77	1764
  29500	1605	5	4	55	0.09757	0.08519	60.48	1512	90	90	100/100	8.26	1654
  29600	1607	4	3	55	0.09767	0.08725	57.39	1518	87	87	100/100	9.16	1645
  29700	1624	6	5	55	0.10421	0.08591	81.56	1536	85	85	100/100	10.17	1752
  29800	1645	6	5	55	0.10574	0.08481	127.63	1560	83	83	100/100	8.74	1875
  29900	1646	5	4	55	0.1154	0.08542	53.31	1558	86	86	100/100	6.88	1916
  30000	1624	5	4	55	0.08899	0.0837	70.94	1539	83	83	100/100	6.90	1870
== r36-s3  (**Ended:** budget reached.)
  t	alive	jointed	jnt inh	diverged	spd jnt	spd rig	work J/s	photo inh	absorpt	inherit	cols	x sd	wraps
  100	43	34	17	0	0.07232	0.04844	247.45	18	6	1	35/100	5.88	46
  200	72	63	49	0	0.08231	0.0773	657.2	52	4	1	50/100	8.33	100
  300	87	80	67	0	0.07898	0.0732	882.45	70	4	1	59/100	7.59	89
  400	107	95	82	0	0.07869	0.07325	973.53	93	3	1	64/100	7.34	97
  500	123	101	88	0	0.08272	0.07229	1074.53	108	4	2	67/100	6.27	205
  600	141	113	99	1	0.08361	0.07358	1012.38	123	7	5	80/100	6.17	182
  700	153	118	106	1	0.08825	0.07802	845.27	135	9	7	79/100	6.82	232
  800	181	142	130	2	0.08641	0.08055	1362.19	162	10	8	83/100	7.56	248
  900	190	143	133	2	0.08466	0.07618	1253.14	173	11	9	83/100	7.66	359
  1000	193	143	133	2	0.08373	0.07132	1283.04	176	11	9	81/100	8.19	361
  1100	201	150	140	2	0.08499	0.07247	2160.55	184	11	9	86/100	6.47	325
  1200	210	157	144	2	0.08742	0.0767	2232.97	189	15	13	78/100	6.50	366
  1300	214	156	142	2	0.08973	0.0765	1912.11	185	23	21	89/100	6.37	364
  1400	229	158	142	2	0.08731	0.07681	1750.33	193	30	28	90/100	8.29	421
  1500	258	155	139	2	0.08456	0.0774	1505.37	220	32	30	90/100	7.83	347
  1600	272	150	134	4	0.08382	0.07649	1244.92	235	31	29	92/100	6.12	396
  1700	286	148	132	4	0.08137	0.07573	1278.97	242	38	36	87/100	5.92	354
  1800	284	154	136	4	0.08473	0.07606	1298.84	231	47	45	89/100	6.41	403
  1900	298	154	138	4	0.08344	0.07903	1412.32	234	59	56	96/100	7.07	383
  2000	314	159	145	4	0.0845	0.08177	1477.87	253	56	53	97/100	7.90	399
  2100	334	163	148	4	0.08475	0.07777	1344.02	274	55	52	93/100	6.34	374
  2200	344	160	145	4	0.0846	0.08052	1225.2	283	56	53	96/100	6.15	453
  2300	374	166	151	4	0.08573	0.07811	1080.04	312	57	54	99/100	6.22	500
  2400	380	158	141	4	0.08381	0.07999	1278.06	319	56	53	95/100	7.06	470
  2500	400	157	140	4	0.08515	0.08025	1246.11	332	63	60	98/100	6.90	484
  2600	415	160	142	4	0.08704	0.07951	1387.84	340	70	67	98/100	6.94	455
  2700	425	161	141	4	0.08897	0.07821	1599.51	354	66	63	96/100	6.74	551
  2800	447	162	146	4	0.08319	0.07459	1467.88	380	62	59	96/100	6.03	592
  2900	466	172	154	4	0.08192	0.07544	1507.67	401	60	57	98/100	6.08	588
  3000	492	163	146	4	0.0864	0.07833	1460.3	427	60	57	100/100	6.67	595
  3100	493	155	137	6	0.08673	0.07941	1340.94	427	61	58	100/100	8.01	597
  3200	513	154	137	6	0.08757	0.08038	1311.73	444	63	61	98/100	7.40	585
  3300	522	144	129	7	0.08813	0.08063	1241.86	455	61	59	100/100	6.87	618
  3400	532	146	129	7	0.08143	0.07704	1313.79	467	59	57	99/100	6.42	634
  3500	550	150	134	7	0.07706	0.07707	1459.18	489	56	54	99/100	7.33	646
  3600	557	148	131	7	0.08541	0.0758	1522.97	493	59	57	97/100	7.39	574
  3700	553	147	130	7	0.08731	0.07908	1390.82	486	62	60	98/100	7.64	607
  3800	573	137	118	7	0.08436	0.07935	1325.91	504	64	62	99/100	7.53	589
  3900	603	132	114	7	0.09026	0.07931	1123.11	536	63	61	100/100	7.02	653
  4000	628	128	111	7	0.08614	0.08199	1284.44	566	59	57	100/100	8.39	815
  4100	630	127	108	7	0.08361	0.07878	1143.62	558	69	67	100/100	7.15	766
  4200	645	135	118	7	0.08467	0.07656	1409.51	565	77	75	100/100	7.02	806
  4300	664	134	118	7	0.08489	0.08043	1293.18	577	83	81	100/100	7.14	770
  4400	695	129	113	7	0.08858	0.07972	1199.98	608	84	82	100/100	7.39	811
  4500	711	123	107	7	0.08868	0.07959	1213.89	627	81	79	100/100	7.32	804
  4600	744	120	105	7	0.09206	0.07715	1159.32	663	79	77	100/100	7.13	1391
  4700	762	122	107	7	0.08745	0.07948	1526.95	683	77	75	99/100	7.10	1015
  4800	761	119	99	8	0.08787	0.07766	1300.28	679	80	79	100/100	7.18	1085
  4900	780	122	106	8	0.08819	0.07969	1521.42	696	82	81	100/100	8.98	860
  5000	787	130	113	8	0.09228	0.07959	1423.3	705	80	79	100/100	10.24	905
  5100	789	134	117	8	0.08737	0.07596	1541.66	702	85	84	100/100	6.86	808
  5200	787	133	117	8	0.08423	0.07557	1467.71	696	89	87	98/100	7.20	943
  5300	789	126	113	8	0.08418	0.07685	1324.48	706	81	79	99/100	7.66	786
  5400	794	120	107	8	0.08784	0.07949	1254.58	710	82	80	100/100	7.03	885
  5500	813	122	108	8	0.09134	0.082	1290.72	727	84	82	99/100	6.30	1747
  5600	804	113	100	8	0.09367	0.08338	1261.76	726	76	74	100/100	6.97	860
  5700	835	104	90	8	0.09429	0.08327	848.7	757	76	74	100/100	8.05	826
  5800	848	98	84	8	0.08743	0.07906	941.7	776	70	68	100/100	9.99	809
  5900	847	95	82	8	0.0821	0.07447	787.36	780	65	63	100/100	8.09	783
  6000	861	95	81	8	0.08654	0.07667	1149.1	799	60	58	100/100	7.53	798
  6100	881	90	75	8	0.08955	0.08482	754.28	821	58	55	100/100	6.37	1006
  6200	856	79	65	10	0.0942	0.08422	769.97	796	58	55	100/100	7.48	990
  6300	869	78	62	10	0.09454	0.08043	671.83	805	62	59	100/100	7.94	1205
  6400	879	71	58	10	0.08753	0.07643	727.56	813	63	60	100/100	7.72	1912
  6500	883	80	67	10	0.08724	0.07602	882.88	821	61	57	100/100	7.72	999
  6600	887	79	66	10	0.08821	0.07985	1408.47	828	58	54	100/100	7.33	1072
  6700	889	70	58	10	0.09212	0.08314	891.45	831	56	52	99/100	7.53	1161
  6800	910	79	66	10	0.09233	0.08285	947.59	845	64	60	99/100	7.66	996
  6900	925	76	64	10	0.08808	0.07962	833.62	846	78	75	100/100	7.21	967
  7000	931	74	62	10	0.08888	0.08142	714.82	854	76	73	100/100	7.43	1087
  7100	940	74	63	10	0.09011	0.0811	797.8	868	71	68	100/100	7.60	1059
  7200	929	77	65	10	0.09444	0.07904	846.25	860	68	65	100/100	7.28	1031
  7300	937	68	55	10	0.09307	0.08065	812.87	870	66	63	99/100	7.49	953
  7400	948	72	59	10	0.09262	0.07948	831.53	882	65	62	100/100	9.29	934
  7500	958	69	55	10	0.09254	0.07721	703.53	903	55	53	100/100	9.20	1033
  7600	974	77	66	10	0.0915	0.0768	932.95	907	67	65	100/100	8.77	1049
  7700	976	74	66	10	0.09356	0.07887	692.64	910	66	64	100/100	6.93	1081
  7800	999	70	62	10	0.09561	0.07922	883.92	938	61	59	100/100	6.59	1005
  7900	998	63	54	11	0.09476	0.08216	552.48	948	50	48	100/100	6.32	1452
  8000	1019	52	42	11	0.09477	0.08091	624.78	977	42	40	100/100	6.45	1464
  8100	986	47	39	11	0.08491	0.07723	451.86	948	38	36	100/100	7.62	951
  8200	1005	45	37	12	0.08794	0.0748	504.8	970	35	34	100/100	8.33	1022
  8300	993	46	38	12	0.08315	0.07561	500.71	947	46	44	100/100	7.78	1035
  8400	974	44	35	12	0.08538	0.07829	385.63	927	47	45	100/100	6.48	1186
  8500	1024	46	38	13	0.08967	0.08051	468.11	970	53	51	100/100	6.79	1261
  8600	1022	44	37	13	0.09003	0.0814	402.02	970	52	50	100/100	7.68	992
  8700	1012	46	40	13	0.09042	0.08383	436.31	952	60	58	100/100	7.51	1057
  8800	1016	41	34	13	0.09061	0.08168	318.52	951	65	63	100/100	7.61	1051
  8900	1043	44	37	13	0.08237	0.07836	507.13	979	64	62	100/100	7.36	1032
  9000	1057	41	34	13	0.09078	0.07945	325.13	998	59	57	99/100	9.44	1139
  9100	1080	39	31	13	0.08659	0.08075	358.36	1016	64	62	100/100	8.21	1100
  9200	1067	41	31	13	0.09611	0.08203	525.94	999	68	65	100/100	8.09	1216
  9300	1044	43	34	13	0.09221	0.08014	660.17	972	72	69	100/100	8.18	1104
  9400	1037	41	33	13	0.08958	0.07941	674.93	959	77	73	100/100	8.32	1118
  9500	1066	39	31	13	0.09222	0.07849	432.76	994	72	68	100/100	6.88	1121
  9600	1069	32	25	13	0.09038	0.08014	422.74	1004	65	61	100/100	6.23	1218
  9700	1046	33	25	13	0.09402	0.08298	328.22	981	65	61	100/100	6.39	1583
  9800	1057	35	28	13	0.08848	0.08123	347.86	996	61	57	100/100	6.70	1214
  9900	1087	33	28	13	0.08894	0.07898	276.11	1026	60	56	100/100	6.92	1436
  10000	1082	29	24	13	0.09208	0.07876	346.69	1023	59	55	100/100	6.98	1250
  10100	1089	27	22	13	0.09105	0.08001	252.14	1028	61	57	100/100	7.69	1173
  10200	1057	27	21	13	0.09859	0.08328	303.07	996	61	57	100/100	7.77	1222
  10300	1029	25	20	13	0.09456	0.08281	250.66	960	69	65	100/100	8.12	1224
  10400	1055	33	28	13	0.09311	0.08141	291.47	986	69	65	100/100	7.89	1107
  10500	1076	37	31	13	0.09066	0.07974	696.33	1002	74	70	100/100	7.54	1018
  10600	1106	34	28	13	0.08251	0.07338	636.24	1031	75	71	100/100	7.83	931
  10700	1116	31	26	13	0.09165	0.07467	661.39	1044	71	67	100/100	8.85	1066
  10800	1119	26	22	13	0.09772	0.07949	550.8	1049	70	66	100/100	7.24	1061
  10900	1091	26	20	14	0.09657	0.08407	566.96	1017	74	70	100/100	7.58	1131
  11000	1097	27	20	14	0.10068	0.0843	533.25	1018	79	75	100/100	7.88	1357
  11100	1095	27	20	14	0.09539	0.08105	521.69	1014	81	77	100/100	6.45	1025
  11200	1094	30	21	14	0.09472	0.08156	537.35	1013	81	77	100/100	7.68	1039
  11300	1104	34	26	14	0.09561	0.08055	429.81	1014	89	85	100/100	7.51	1204
  11400	1107	28	22	14	0.08891	0.07764	504.76	1015	92	88	100/100	7.31	1141
  11500	1115	28	20	14	0.09664	0.0826	372.98	1024	91	87	100/100	8.29	1386
  11600	1138	23	18	14	0.0922	0.08267	365.25	1043	95	91	100/100	8.01	1223
  11700	1150	24	19	14	0.10299	0.08144	351.23	1058	92	88	100/100	8.63	1180
  11800	1149	20	16	14	0.09046	0.07872	419.07	1062	87	83	100/100	8.23	1167
  11900	1154	21	17	14	0.09048	0.07663	311.13	1068	86	82	100/100	7.87	1178
  12000	1132	21	16	14	0.09643	0.07716	430.13	1045	86	82	100/100	7.93	1306
  12100	1141	20	16	14	0.09764	0.08084	510.65	1051	89	85	100/100	7.42	2007
  12200	1161	19	13	14	0.09332	0.08195	361.6	1074	86	82	100/100	7.47	1286
  12300	1169	19	11	14	0.08882	0.07866	486.89	1076	92	88	100/100	7.76	1269
  12400	1177	17	11	14	0.08755	0.07712	296.17	1082	94	90	100/100	8.44	1228
  12500	1176	17	11	14	0.08375	0.07777	346.07	1076	100	96	100/100	8.89	1181
  12600	1167	15	10	14	0.09889	0.08229	227.93	1070	97	93	100/100	7.67	1182
  12700	1162	16	9	14	0.10248	0.08537	258.5	1059	103	99	100/100	7.38	1146
  12800	1161	16	10	14	0.08935	0.08571	243.29	1051	110	106	100/100	7.83	1289
  12900	1164	22	16	14	0.09054	0.08291	208.32	1051	113	109	100/100	8.24	1359
  13000	1174	18	12	14	0.08959	0.07798	256.16	1052	122	118	100/100	9.02	1274
  13100	1174	15	10	14	0.0771	0.0755	157.63	1056	118	114	100/100	7.99	1273
  13200	1165	14	9	14	0.08722	0.08248	172.2	1046	119	115	100/100	6.66	1223
  13300	1183	14	9	14	0.10036	0.08777	94.86	1063	120	117	100/100	6.86	1226
  13400	1192	10	5	14	0.09989	0.0878	248.15	1079	113	110	100/100	6.71	1285
  13500	1207	10	5	14	0.10812	0.08438	78.41	1101	106	103	100/100	6.56	1300
  13600	1207	11	5	14	0.08266	0.07743	162.89	1099	108	106	100/100	7.05	1182
  13700	1226	10	4	14	0.08813	0.07658	109.49	1123	103	101	100/100	6.63	1321
  13800	1233	10	4	14	0.09522	0.08051	193.64	1137	96	94	100/100	6.73	1427
  13900	1233	8	3	14	0.09931	0.08384	90.47	1142	90	88	100/100	8.17	1365
  14000	1210	8	3	14	0.09582	0.08311	96.58	1121	89	86	100/100	7.78	1468
  14100	1189	8	3	14	0.09183	0.0829	141.21	1103	86	83	100/100	7.08	1259
  14200	1194	8	3	14	0.0861	0.07967	100.92	1109	85	82	100/100	7.62	1105
  14300	1203	8	2	14	0.10341	0.07783	196.73	1121	82	79	100/100	7.94	1337
  14400	1185	8	2	14	0.1074	0.0794	184.5	1095	90	87	100/100	7.62	1272
  14500	1188	14	9	14	0.09133	0.08382	491.47	1080	108	105	100/100	7.16	1389
  14600	1169	20	16	15	0.08781	0.08276	971.86	1037	131	128	100/100	8.24	1357
  14700	1196	17	13	15	0.08878	0.07956	712.74	1070	125	122	100/100	7.68	1186
  14800	1211	17	12	15	0.09961	0.07829	642.6	1082	128	125	100/100	8.95	1181
  14900	1211	15	10	15	0.09563	0.08178	582.92	1086	124	121	100/100	8.08	1361
  15000	1209	13	10	15	0.1034	0.08401	573.14	1087	121	118	100/100	9.81	1307
  15100	1208	13	9	15	0.10828	0.08569	558.13	1087	120	117	100/100	7.35	1341
  15200	1186	13	10	15	0.11234	0.08253	577.57	1065	120	117	100/100	8.73	1896
  15300	1223	12	10	15	0.09593	0.07901	573.63	1106	116	113	100/100	7.70	1507
  15400	1235	12	10	15	0.08911	0.07765	623.88	1115	120	117	100/100	8.03	1528
  15500	1228	10	7	15	0.09703	0.07845	364.78	1107	121	118	100/100	8.44	1224
  15600	1215	8	7	15	0.08856	0.0843	311.91	1093	122	119	100/100	8.68	1557
  15700	1218	7	6	15	0.13264	0.08455	267.63	1096	122	120	100/100	8.96	1484
  15800	1207	7	6	15	0.11013	0.08452	262.05	1084	122	120	100/100	8.36	1206
  15900	1211	6	4	16	0.09737	0.0839	108.32	1098	113	111	100/100	7.17	1222
  16000	1237	7	4	16	0.09694	0.08051	128.75	1119	118	116	100/100	7.57	1148
  16100	1242	7	4	16	0.10377	0.08009	142.04	1117	125	123	100/100	7.24	1093
  16200	1245	5	4	16	0.10531	0.08186	134.34	1120	125	123	100/100	7.37	1316
  16300	1256	5	4	16	0.09558	0.08274	151.17	1135	121	119	100/100	8.08	1160
  16400	1237	8	7	16	0.09193	0.08336	268.44	1122	115	113	100/100	7.50	1310
  16500	1214	7	4	16	0.10329	0.08156	226.29	1104	110	108	100/100	7.51	1254
  16600	1223	6	4	16	0.11013	0.07911	215.83	1107	116	114	100/100	8.17	1303
  16700	1241	6	4	16	0.09953	0.08173	199.87	1119	122	120	100/100	9.90	1268
  16800	1240	5	3	16	0.11821	0.08343	236.29	1122	118	116	100/100	8.20	1331
  16900	1209	6	3	16	0.09944	0.08297	199.51	1085	124	122	100/100	7.82	1368
  17000	1216	8	3	16	0.10305	0.08429	380.01	1081	135	133	100/100	7.25	1495
  17100	1245	8	3	17	0.08887	0.07984	288.6	1105	139	136	100/100	6.75	1445
  17200	1251	8	3	17	0.10311	0.07875	267.67	1104	146	143	100/100	6.45	1402
  17300	1259	8	3	17	0.11258	0.0797	262.23	1113	146	145	100/100	6.87	1395
  17400	1260	8	3	17	0.09461	0.08233	180.62	1113	147	146	100/100	7.30	1438
  17500	1255	7	3	17	0.10291	0.08359	174.22	1111	144	143	100/100	7.15	1576
  17600	1256	7	3	17	0.09328	0.08601	118.24	1115	141	140	100/100	7.49	1468
  17700	1256	7	3	17	0.07952	0.08116	186.42	1118	138	137	100/100	8.02	1479
  17800	1242	7	3	17	0.08413	0.07648	152.59	1100	142	140	100/100	7.90	1456
  17900	1260	7	3	17	0.08055	0.07688	171.46	1114	146	144	100/100	7.82	1304
  18000	1284	6	3	17	0.09226	0.08121	192.36	1142	142	140	100/100	7.59	1331
  18100	1272	6	3	17	0.08904	0.08352	201.46	1130	141	139	100/100	6.87	1372
  18200	1260	6	3	17	0.08949	0.08568	208.18	1123	137	136	100/100	7.54	1550
  18300	1271	10	7	17	0.10202	0.08222	457.59	1134	137	136	100/100	7.86	1258
  18400	1286	8	5	17	0.0936	0.07915	349.59	1158	128	127	100/100	7.50	1179
  18500	1273	7	4	17	0.09741	0.079	238.57	1153	120	119	100/100	6.96	1180
  18600	1266	5	3	17	0.10931	0.08204	178.92	1148	117	116	100/100	6.62	1272
  18700	1238	6	3	17	0.09602	0.08386	181.24	1125	113	112	100/100	7.12	2499
  18800	1238	5	3	17	0.09175	0.0818	216.74	1107	131	130	100/100	7.48	1696
  18900	1256	6	3	17	0.08295	0.08031	165.58	1130	126	125	100/100	8.13	1188
  19000	1271	6	2	17	0.09174	0.07953	157.97	1140	131	130	100/100	8.62	1106
  19100	1257	7	2	17	0.08999	0.08081	215.7	1119	138	137	100/100	7.38	1274
  19200	1249	5	2	17	0.09385	0.08288	99.38	1105	144	143	100/100	7.80	1318
  19300	1249	6	2	17	0.10382	0.08288	164.9	1089	160	159	100/100	8.32	1498
  19400	1251	7	3	17	0.09593	0.08137	214.61	1094	157	156	100/100	7.00	1416
  19500	1277	7	3	17	0.09548	0.07887	246.95	1135	142	141	100/100	7.90	1774
  19600	1286	6	3	17	0.10683	0.07828	145.52	1153	133	132	100/100	6.49	1403
  19700	1293	6	3	17	0.10488	0.07956	200.56	1161	132	131	100/100	6.76	1531
  19800	1292	6	2	17	0.10584	0.08318	181.97	1163	129	128	100/100	8.30	1240
  19900	1261	7	2	17	0.10699	0.08709	209.94	1120	141	140	100/100	7.97	1354
  20000	1284	9	2	17	0.09929	0.08711	216.87	1143	141	140	100/100	7.44	1369
  20100	1290	6	2	17	0.10027	0.08199	189.44	1146	144	143	100/100	7.33	1372
  20200	1275	6	2	17	0.07779	0.07631	192.21	1138	137	136	100/100	7.70	1292
  20300	1295	6	2	17	0.09359	0.07643	157.67	1161	134	133	100/100	6.90	1206
  20400	1292	6	2	17	0.08527	0.08262	201.14	1160	132	131	100/100	6.29	1408
  20500	1292	6	1	17	0.09237	0.08594	199.01	1170	122	121	100/100	6.71	1379
  20600	1278	5	1	17	0.10869	0.08506	155.61	1158	119	118	100/100	7.93	1487
  20700	1263	5	1	18	0.09245	0.081	145.81	1147	116	115	100/100	7.54	1423
  20800	1298	5	1	18	0.08321	0.07806	167.94	1176	122	121	100/100	7.46	1386
  20900	1308	6	1	18	0.08993	0.07788	209.49	1183	125	124	100/100	6.66	1613
  21000	1307	6	1	18	0.11046	0.07767	163.8	1175	132	131	100/100	6.27	1785
  21100	1272	5	1	18	0.09685	0.07901	133.39	1144	128	127	100/100	6.47	1851
  21200	1252	4	0	18	0.09561	0.08096	26.51	1130	121	120	100/100	10.85	1259
  21300	1270	5	2	18	0.09171	0.08225	66.74	1150	120	119	100/100	7.81	1264
  21400	1268	5	2	18	0.09363	0.08027	23.96	1143	125	124	100/100	7.65	1259
  21500	1275	6	2	18	0.07452	0.08157	72.02	1144	131	130	100/100	8.51	1275
  21600	1266	4	2	18	0.08295	0.08336	33.26	1146	120	119	100/100	7.55	1304
  21700	1277	4	2	18	0.08709	0.08614	61.02	1156	121	120	100/100	7.02	1747
  21800	1282	5	2	18	0.0844	0.08216	35.17	1161	121	119	100/100	7.78	1299
  21900	1278	5	2	18	0.08773	0.07755	40.24	1154	124	122	100/100	8.59	1150
  22000	1292	5	2	18	0.10293	0.07839	67.8	1163	129	127	100/100	7.95	1309
  22100	1286	7	2	18	0.09172	0.08061	30.76	1152	133	131	100/100	7.49	1329
  22200	1281	6	2	18	0.08711	0.08263	67.7	1152	129	127	100/100	6.92	1300
  22300	1302	5	2	18	0.09252	0.08427	29.65	1177	125	124	100/100	6.64	1329
  22400	1307	5	1	18	0.09692	0.08488	82.74	1186	121	120	100/100	6.90	1410
  22500	1305	4	1	18	0.10072	0.08027	25.91	1181	124	123	100/100	7.33	1336
  22600	1322	4	1	18	0.09246	0.07709	48.75	1200	122	121	100/100	7.07	1344
  22700	1318	4	1	18	0.08152	0.08069	35.57	1198	120	119	100/100	6.76	1435
  22800	1313	4	1	18	0.0799	0.08429	54.99	1196	117	116	100/100	6.68	1368
  22900	1312	10	7	18	0.0896	0.08494	213.41	1191	121	120	100/100	7.91	1727
  23000	1282	4	1	18	0.08902	0.08317	50.32	1160	122	121	100/100	9.93	1573
  23100	1295	5	1	19	0.18252	0.08231	109.74	1170	125	124	100/100	7.24	1510
  23200	1307	4	1	19	0.16472	0.08011	85.22	1189	118	117	100/100	7.38	1492
  23300	1288	4	1	19	0.12347	0.07963	52.34	1174	114	113	100/100	7.78	1532
  23400	1297	4	1	19	0.09323	0.08049	27.94	1175	122	121	100/100	7.97	1396
  23500	1315	4	1	19	0.09813	0.08207	28.76	1196	119	118	100/100	7.83	1304
  23600	1330	4	1	19	0.09622	0.08592	24.95	1209	121	120	100/100	9.25	1492
  23700	1326	4	1	19	0.0775	0.08545	27.39	1209	117	116	100/100	8.74	1472
  23800	1304	4	1	19	0.08306	0.0791	53.71	1183	121	120	100/100	7.35	1311
  23900	1306	3	1	19	0.10756	0.07909	23.67	1188	118	116	100/100	6.90	1437
  24000	1316	3	1	19	0.09261	0.08455	23.01	1197	119	116	100/100	7.22	1453
  24100	1333	3	1	19	0.10654	0.08605	10.94	1215	118	115	100/100	6.72	1313
  24200	1314	3	1	19	0.09907	0.08401	12.65	1191	123	121	99/100	6.69	1420
  24300	1324	3	1	19	0.08992	0.08071	23.98	1203	121	119	100/100	6.45	1274
  24400	1318	3	1	19	0.09781	0.08032	23.53	1195	123	121	100/100	7.10	1198
  24500	1319	4	1	19	0.09367	0.08076	29.53	1198	121	119	100/100	7.48	1280
  24600	1294	5	2	19	0.08411	0.08033	25.34	1170	124	122	100/100	8.18	1249
  24700	1302	4	2	19	0.08986	0.08203	23.27	1177	125	122	100/100	7.98	1338
  24800	1300	4	2	19	0.07941	0.08475	19.05	1172	128	125	100/100	7.68	1420
  24900	1311	4	2	19	0.08981	0.0787	8.21	1186	125	121	100/100	6.46	1439
  25000	1306	4	2	19	0.08458	0.07565	5.78	1186	120	116	100/100	7.52	1388
  25100	1315	4	2	19	0.0833	0.07765	24.37	1195	120	116	100/100	7.38	1373
  25200	1336	4	2	19	0.08827	0.08061	25.3	1216	119	115	100/100	6.84	1385
  25300	1342	5	2	19	0.14307	0.08151	99.6	1220	121	117	100/100	7.04	1545
  25400	1342	4	2	19	0.11552	0.08062	24.15	1214	127	123	100/100	7.14	1461
  25500	1331	4	2	19	0.09471	0.08348	23.54	1203	127	123	100/100	6.83	1525
  25600	1333	4	2	19	0.08152	0.08215	12.17	1208	124	120	99/100	7.49	1356
  25700	1335	3	2	19	0.07919	0.0783	21.32	1213	121	117	100/100	7.60	1311
  25800	1332	4	2	19	0.113	0.07969	84.78	1210	122	118	100/100	7.84	1287
  25900	1311	3	2	19	0.10005	0.08403	33.91	1191	120	116	100/100	8.24	1499
  26000	1316	3	2	19	0.07611	0.08635	3.96	1190	126	122	100/100	9.08	1428
  26100	1323	3	2	19	0.07516	0.08551	20.31	1194	129	125	100/100	8.75	1507
  26200	1318	2	2	19	0.08872	0.08042	0.61	1196	122	118	100/100	7.98	1439
  26300	1346	2	2	19	0.1028	0.08088	0.61	1222	124	120	100/100	8.50	1393
  26400	1336	2	2	19	0.08493	0.08248	0.61	1213	122	118	100/100	9.14	1348
  26500	1325	2	2	19	0.10071	0.08473	0.61	1198	127	123	100/100	7.51	1557
  26600	1348	1	1	19	0.1127	0.08284	0	1210	138	134	100/100	6.89	1486
  26700	1350	1	1	19	0.09852	0.08072	0	1216	134	130	100/100	7.51	1413
  26800	1337	1	1	19	0.52336	0.07959	0	1210	127	124	100/100	7.51	1421
  26900	1329	1	1	19	0.10305	0.08248	0	1192	137	134	100/100	7.00	1296
  27000	1316	1	1	19	0.08933	0.08504	0	1180	136	133	100/100	7.07	1256
  27100	1328	2	1	19	0.10438	0.08658	18.13	1190	138	135	100/100	8.28	1410
  27200	1330	2	1	19	0.10269	0.08479	18.83	1193	137	134	100/100	6.57	1370
  27300	1323	3	1	19	0.10649	0.08277	113.41	1181	140	137	100/100	6.61	1321
  27400	1337	1	0	20	0.14519	0.0787	62.87	1204	133	130	100/100	7.27	1313
  27500	1359	1	0	20	0.15558	0.07861	62.83	1227	132	129	100/100	7.15	1341
  27600	1353	1	0	20	0.11424	0.08525	0.34	1219	133	130	100/100	7.67	1606
  27700	1330	2	0	20	0.06967	0.08597	72.26	1193	137	134	100/100	8.05	1537
  27800	1322	4	0	20	0.09685	0.08259	7.43	1185	137	134	100/100	8.29	1362
  27900	1327	3	0	20	0.0985	0.07785	96.6	1194	133	130	100/100	6.93	1446
  28000	1351	5	0	20	0.11896	0.07575	137.23	1213	138	135	100/100	6.99	1768
  28100	1367	2	0	20	0.09293	0.0786	72.77	1230	137	134	100/100	7.11	1825
  28200	1354	2	0	20	0.09948	0.08378	43.44	1222	132	129	100/100	6.85	1549
  28300	1342	2	0	20	0.11127	0.08398	54.51	1212	130	127	100/100	7.50	1500
  28400	1344	3	0	20	0.12465	0.0855	80.64	1218	126	123	100/100	7.52	1514
  28500	1331	2	0	20	0.08121	0.0834	2.88	1206	125	122	100/100	7.55	1390
  28600	1340	2	0	20	0.0982	0.08135	77.93	1219	121	119	100/100	7.10	1663
  28700	1337	2	0	20	0.0978	0.08012	1.58	1213	124	122	100/100	7.19	1537
  28800	1344	2	0	20	0.1254	0.08126	81.1	1220	124	122	100/100	7.25	1594
  28900	1336	2	0	20	0.09005	0.08252	7.76	1215	120	118	100/100	7.67	1397
  29000	1337	2	0	20	0.10763	0.0826	75.97	1219	118	116	100/100	7.83	1564
  29100	1336	2	0	20	0.11078	0.08235	47.07	1218	117	115	100/100	6.93	1562
  29200	1341	2	0	20	0.09339	0.08256	55.79	1224	116	114	100/100	7.27	1439
  29300	1323	2	0	20	0.08567	0.08135	71.42	1209	114	112	100/100	7.28	1381
  29400	1331	3	0	20	0.1566	0.08101	72.41	1215	116	114	100/100	7.70	1334
  29500	1326	2	0	20	0.15156	0.08421	81.06	1212	114	112	100/100	7.53	1452
  29600	1315	2	0	20	0.09082	0.08333	0.15	1199	116	115	100/100	8.52	1311
  29700	1304	2	0	20	0.11225	0.07953	78.04	1181	123	122	100/100	8.30	1259
  29800	1318	3	0	20	0.1669	0.07908	41.64	1195	123	122	100/100	7.65	1264
  29900	1335	3	0	20	0.21847	0.08366	136.66	1205	130	129	100/100	6.70	1267
  30000	1342	2	0	20	0.1693	0.08315	23.24	1211	131	130	100/100	7.28	1260
== r36-s4  (**Ended:** budget reached.)
  t	alive	jointed	jnt inh	diverged	spd jnt	spd rig	work J/s	photo inh	absorpt	inherit	cols	x sd	wraps
  100	43	22	10	0	0.06538	0.05742	380.77	18	4	0	36/100	6.31	35
  200	70	38	30	0	0.0799	0.06679	841.82	55	1	0	50/100	4.92	69
  300	109	47	40	0	0.08596	0.06699	1100.91	99	1	0	65/100	4.80	145
  400	158	65	58	0	0.09271	0.0684	1621.47	148	1	0	80/100	6.54	178
  500	209	74	68	0	0.08827	0.07102	1891.63	199	2	0	90/100	7.09	388
  600	247	83	77	0	0.09263	0.07677	2436.49	238	2	0	90/100	6.99	338
  700	280	89	82	0	0.09799	0.07763	2526.06	271	2	0	93/100	6.10	414
  800	306	95	89	0	0.09817	0.07817	2758.72	298	2	0	96/100	6.68	459
  900	337	98	92	0	0.09805	0.07753	2940.85	329	2	0	98/100	6.44	448
  1000	364	102	97	0	0.0963	0.07868	3265.44	357	2	0	96/100	9.10	507
  1100	387	100	95	1	0.09693	0.07637	3072.49	380	2	0	95/100	7.95	526
  1200	416	100	95	1	0.10013	0.07707	3357.67	409	2	0	96/100	7.15	570
  1300	434	111	105	1	0.10113	0.07781	4273.17	427	2	0	98/100	6.72	570
  1400	449	111	106	1	0.10093	0.07903	4621.41	443	2	0	94/100	6.58	652
  1500	456	110	105	1	0.10156	0.07822	4098.53	450	2	0	100/100	7.81	611
  1600	480	106	101	1	0.10276	0.08153	3619.05	474	2	0	100/100	7.67	648
  1700	493	101	96	1	0.10061	0.08048	3716.94	487	2	0	100/100	6.63	590
  1800	523	99	93	1	0.09203	0.07555	3894.89	517	2	0	99/100	6.62	572
  1900	548	99	93	1	0.09362	0.07409	3041	542	3	0	99/100	6.63	620
  2000	549	95	90	1	0.09585	0.07968	2968.75	543	3	0	100/100	7.18	627
  2100	560	93	88	1	0.10162	0.08531	2949.27	552	5	2	100/100	6.78	672
  2200	555	93	88	1	0.1032	0.08547	2928.28	544	7	4	99/100	7.55	671
  2300	563	89	83	1	0.09977	0.083	2889.07	549	9	6	98/100	8.80	652
  2400	584	88	83	1	0.09443	0.07771	2600.19	566	14	11	99/100	7.58	721
  2500	603	85	80	2	0.09673	0.07644	2568.89	578	21	18	100/100	7.20	691
  2600	629	91	86	2	0.1021	0.07967	3044	591	33	30	99/100	8.74	811
  2700	644	88	83	2	0.1034	0.08049	2924.51	589	51	48	100/100	8.45	845
  2800	664	85	80	2	0.09723	0.08019	2737.16	565	95	92	100/100	7.67	841
  2900	698	76	70	2	0.1021	0.0808	2313.85	554	139	136	99/100	7.36	740
  3000	756	71	67	2	0.09698	0.08043	2182.64	552	199	196	100/100	7.33	871
  3100	819	69	65	2	0.0997	0.07983	2207.82	559	256	253	100/100	6.90	901
  3200	857	70	66	2	0.09554	0.07943	2157.58	556	297	294	100/100	7.02	1493
  3300	905	69	65	2	0.09927	0.08109	2035.29	561	340	337	100/100	6.95	1076
  3400	937	66	62	2	0.1026	0.08159	1951.1	559	374	371	99/100	7.23	1145
  3500	978	66	62	2	0.09671	0.08071	2069.87	562	412	409	100/100	9.30	1083
  3600	1022	64	60	2	0.10108	0.08017	2034.16	565	453	450	100/100	10.14	1224
  3700	1063	65	61	2	0.09562	0.08225	2096.92	572	486	483	100/100	7.87	1107
  3800	1099	63	59	2	0.10338	0.08648	2003.3	578	516	513	100/100	8.00	1314
  3900	1131	63	59	2	0.10488	0.08701	1953.92	583	543	539	100/100	8.10	1351
  4000	1165	61	57	2	0.10579	0.08609	2138.74	594	566	562	100/100	8.22	1296
  4100	1188	59	55	2	0.10493	0.08334	1981.18	596	587	583	100/100	8.05	1400
  4200	1222	58	54	2	0.09432	0.0801	1833.77	594	623	619	100/100	7.22	1451
  4300	1259	58	54	2	0.10302	0.07919	1852.54	602	652	648	100/100	7.90	1439
  4400	1287	58	54	2	0.10195	0.08354	1897.9	610	672	668	100/100	8.15	1398
  4500	1308	57	53	2	0.1056	0.08907	1896.48	617	686	682	100/100	7.92	1472
  4600	1321	55	50	3	0.10241	0.08697	1985.92	622	694	690	100/100	7.71	1436
  4700	1328	53	49	3	0.1047	0.085	1706	625	698	694	100/100	8.52	1471
  4800	1346	53	49	3	0.09883	0.07996	1815.29	639	702	698	100/100	8.77	1436
  4900	1346	52	48	3	0.09631	0.07931	1910.7	646	696	692	100/100	8.06	1642
  5000	1352	51	47	3	0.09869	0.08007	1732.48	648	700	697	100/100	8.21	1856
  5100	1355	52	48	3	0.09623	0.08535	1778.23	657	694	691	100/100	9.66	1497
  5200	1343	49	45	3	0.10045	0.0869	1813.6	653	685	682	100/100	8.91	1468
  5300	1336	49	45	3	0.09752	0.0856	1699.03	656	675	672	100/100	7.44	1377
  5400	1321	49	45	3	0.10194	0.08376	1756.8	661	656	653	100/100	8.73	1328
  5500	1332	46	43	3	0.0997	0.08153	1686.2	668	661	658	100/100	7.77	1354
  5600	1346	45	42	3	0.09693	0.08201	1548	684	659	656	100/100	8.02	1404
  5700	1344	46	43	3	0.10582	0.08629	1602.98	682	659	656	100/100	8.59	1648
  5800	1346	40	37	5	0.10621	0.08783	1562.66	664	679	677	100/100	7.56	1629
  5900	1360	38	35	5	0.11341	0.08381	1486.38	676	681	679	100/100	7.92	1588
  6000	1343	35	32	5	0.10178	0.08211	1405.43	688	653	651	100/100	7.74	1502
  6100	1343	33	30	5	0.10932	0.08341	1368.5	698	643	641	100/100	7.37	1474
  6200	1342	33	30	5	0.11188	0.08456	1253.31	681	659	657	100/100	7.81	1748
  6300	1353	34	31	5	0.1117	0.08524	1290.8	680	670	668	100/100	7.35	1556
  6400	1355	29	26	5	0.10186	0.08586	1124.56	700	652	650	100/100	7.56	1536
  6500	1377	28	26	5	0.10157	0.08102	1079.13	728	646	644	100/100	7.74	1400
  6600	1376	28	26	5	0.10713	0.07718	1056.95	733	640	638	100/100	7.43	1505
  6700	1390	25	24	5	0.09215	0.07906	1020.47	747	641	639	100/100	7.49	1532
  6800	1376	23	22	5	0.10997	0.08397	913.21	750	624	622	100/100	8.08	1585
  6900	1379	23	22	5	0.11212	0.0878	859.4	725	652	650	100/100	7.49	1674
  7000	1419	21	20	5	0.12223	0.08711	825.5	720	697	696	100/100	7.34	1754
  7100	1403	21	20	5	0.11526	0.08626	840.4	707	694	693	100/100	8.30	1588
  7200	1381	20	19	5	0.10312	0.08373	737.24	702	678	677	100/100	8.30	1512
  7300	1353	20	19	5	0.09379	0.08019	783.11	709	643	641	100/100	7.01	1449
  7400	1341	20	19	5	0.10855	0.0835	767.28	726	613	611	100/100	6.59	1369
  7500	1356	20	19	5	0.10822	0.0854	694.51	770	585	583	100/100	6.98	1371
  7600	1365	20	19	5	0.11587	0.0859	756.42	804	560	558	100/100	7.07	1432
  7700	1380	20	19	5	0.10291	0.08671	757.55	814	565	563	100/100	7.01	1570
  7800	1375	19	18	5	0.10527	0.08275	721.67	802	572	570	100/100	7.55	1488
  7900	1368	17	16	5	0.10706	0.08036	650.19	804	563	561	100/100	7.10	1287
  8000	1357	17	16	5	0.10018	0.0847	653.13	831	525	523	100/100	7.34	1361
  8100	1338	15	14	5	0.10697	0.08671	577.59	827	510	508	100/100	7.59	1468
  8200	1350	14	13	5	0.10472	0.08664	462.95	835	514	512	100/100	9.06	1400
  8300	1352	13	12	5	0.11567	0.08298	548.65	818	532	530	100/100	8.23	1406
  8400	1355	13	12	5	0.10762	0.08215	512.47	808	545	543	100/100	8.39	1382
  8500	1331	12	11	5	0.11151	0.08505	441.25	805	524	522	100/100	8.86	1545
  8600	1326	12	11	5	0.10996	0.08499	498.93	811	513	511	100/100	7.02	1569
  8700	1324	12	11	5	0.10087	0.08603	441.75	827	495	493	100/100	7.63	1522
  8800	1330	12	11	5	0.1129	0.08892	395.69	837	490	488	100/100	8.84	2028
  8900	1316	12	11	5	0.11439	0.08568	432.92	837	477	475	100/100	8.53	1537
  9000	1331	11	10	5	0.1101	0.08024	391.59	861	468	466	100/100	7.83	1457
  9100	1350	17	16	5	0.1126	0.08055	1081.45	895	453	451	100/100	7.83	1780
  9200	1328	20	19	5	0.10408	0.08563	975.18	875	451	449	100/100	6.95	1412
  9300	1322	10	10	5	0.10799	0.08894	396.23	873	447	444	100/100	6.52	1531
  9400	1312	8	8	5	0.10961	0.09036	303.02	858	452	449	100/100	7.43	1550
  9500	1306	6	6	5	0.11577	0.08552	249.01	851	453	450	100/100	8.30	1472
  9600	1321	6	6	5	0.11039	0.08001	205.53	867	452	449	100/100	7.84	1361
  9700	1334	5	5	5	0.10998	0.07968	154.86	878	454	451	100/100	8.56	1535
  9800	1341	5	5	5	0.11031	0.08314	162.17	878	460	457	100/100	8.34	1421
  9900	1317	5	5	5	0.1093	0.08573	167.88	866	449	446	100/100	7.73	1413
  10000	1305	5	5	5	0.12009	0.08445	142.04	864	439	436	100/100	7.77	1498
  10100	1309	4	4	5	0.1155	0.08346	133.92	879	428	424	100/100	8.30	1344
  10200	1304	4	4	5	0.11465	0.08208	141.11	889	413	409	100/100	8.31	1197
  10300	1323	2	2	6	0.10295	0.08048	73.33	914	407	404	100/100	8.10	1229
  10400	1335	2	2	6	0.10572	0.08153	68.37	937	396	393	100/100	8.64	1300
  10500	1322	2	2	6	0.11852	0.0846	69.78	940	380	377	100/100	9.21	1474
  10600	1324	1	1	6	0.13996	0.08636	61.98	955	366	365	100/100	7.10	1428
  10700	1330	1	1	6	0.11277	0.08414	47.31	974	354	353	100/100	7.19	1488
  10800	1321	1	1	6	0.13586	0.08218	46.71	968	350	349	100/100	7.80	1243
  10900	1314	1	1	6	0.13613	0.08382	63.67	977	335	334	100/100	9.11	1303
  11000	1299	1	1	6	0.12453	0.08604	47.33	969	328	327	100/100	7.93	1290
  11100	1305	1	1	6	0.12224	0.08558	47.43	989	314	313	100/100	10.32	1413
  11200	1325	1	1	6	0.08459	0.08683	64.63	1010	313	312	100/100	10.30	1527
  11300	1308	1	1	6	0.08795	0.08519	47.31	973	333	332	100/100	10.35	1481
  11400	1322	1	1	6	0.14216	0.08041	48.49	990	329	328	100/100	8.04	1488
  11500	1339	1	1	6	0.13482	0.08102	65.15	1008	329	328	100/100	8.04	1473
  11600	1307	1	1	6	0.10257	0.08663	47.34	966	339	338	100/100	7.74	1529
  11700	1292	0	0	6	0.12059	0.08814	0	941	349	348	100/100	7.70	1485
  11800	1295	0	0	6	—	0.08488	0	944	349	348	100/100	6.90	1381
  11900	1301	0	0	6	—	0.08258	0	931	368	367	100/100	7.56	1443
  12000	1327	0	0	6	—	0.07916	0	964	361	360	100/100	7.81	1552
  12100	1343	0	0	6	—	0.07928	0	988	353	352	100/100	8.13	1583
  12200	1373	0	0	6	—	0.08105	0	1015	356	355	100/100	8.63	1571
  12300	1355	0	0	6	—	0.08322	0	1011	342	341	100/100	7.88	1543
  12400	1355	0	0	6	—	0.08587	0	1015	338	337	100/100	7.65	1442
  12500	1358	0	0	6	—	0.08627	0	1027	329	328	100/100	8.02	1427
  12600	1346	0	0	6	—	0.08339	0	1015	329	328	100/100	8.84	1483
  12700	1318	0	0	6	0.09171	0.08115	0	999	317	315	100/100	7.88	1305
  12800	1345	0	0	6	—	0.08266	0	1025	318	316	100/100	7.90	1347
  12900	1358	0	0	6	—	0.08762	0	1037	319	317	100/100	6.65	1383
  13000	1353	0	0	6	—	0.08847	0	1042	308	306	100/100	6.35	1427
  13100	1335	0	0	6	—	0.0837	0	1025	308	306	100/100	6.86	1294
  13200	1339	0	0	6	—	0.08111	0	1038	299	297	100/100	6.56	1335
  13300	1353	0	0	6	—	0.08177	0	1063	288	286	100/100	7.14	1489
  13400	1368	0	0	6	—	0.08399	0	1086	280	278	100/100	7.91	1705
  13500	1365	0	0	6	—	0.08529	0	1085	278	276	100/100	9.76	1469
  13600	1339	0	0	6	—	0.0858	0	1045	291	289	100/100	8.37	1435
  13700	1355	0	0	6	—	0.08083	0	1055	298	296	100/100	8.69	2154
  13800	1370	0	0	6	—	0.07797	0	1062	306	304	100/100	9.21	1746
  13900	1364	0	0	6	—	0.08222	0	1062	301	299	100/100	7.76	1539
  14000	1387	0	0	6	—	0.08613	0	1085	301	299	100/100	8.10	1541
  14100	1387	0	0	6	—	0.08602	0	1085	301	299	100/100	7.43	1409
  14200	1396	0	0	6	—	0.08439	0	1088	307	305	100/100	7.47	1558
  14300	1397	0	0	6	—	0.084	0	1097	299	297	100/100	6.58	1584
  14400	1391	0	0	6	—	0.08176	0	1096	294	292	100/100	7.51	1621
  14500	1380	0	0	6	—	0.08037	0	1091	288	286	100/100	8.15	1631
  14600	1363	0	0	6	—	0.0827	0	1086	275	273	100/100	11.29	1531
  14700	1367	0	0	6	—	0.08601	0	1093	273	271	100/100	7.69	1453
  14800	1379	0	0	6	—	0.08928	0	1107	271	269	100/100	7.93	1494
  14900	1387	0	0	6	—	0.08708	0	1124	262	259	100/100	7.29	1453
  15000	1389	0	0	6	—	0.08008	0	1129	259	256	100/100	9.35	2058
  15100	1404	0	0	6	—	0.07763	0	1146	257	254	100/100	9.41	1449
  15200	1381	0	0	6	—	0.08123	0	1120	260	256	100/100	8.18	1509
  15300	1374	0	0	6	—	0.0855	0	1102	271	267	100/100	6.58	1461
  15400	1384	0	0	6	—	0.08417	0	1098	284	280	100/100	6.38	1508
  15500	1405	0	0	6	—	0.08015	0	1128	276	272	100/100	6.05	1444
  15600	1390	0	0	6	—	0.07902	0	1121	268	264	100/100	6.05	1421
  15700	1395	0	0	6	—	0.0807	0	1131	262	258	100/100	6.26	1385
  15800	1388	0	0	6	—	0.08254	0	1129	257	253	100/100	6.66	1474
  15900	1378	0	0	6	—	0.08592	0	1129	248	244	100/100	7.74	1562
  16000	1356	0	0	6	—	0.08513	0	1109	246	242	100/100	7.01	1504
  16100	1347	0	0	6	—	0.08063	0	1100	245	242	100/100	7.26	1455
  16200	1362	0	0	6	—	0.07776	0	1122	239	237	100/100	8.70	1413
  16300	1385	0	0	6	—	0.08041	0	1151	233	231	100/100	9.64	1329
  16400	1379	0	0	6	—	0.0854	0	1151	227	225	100/100	7.87	1433
  16500	1377	0	0	6	—	0.08748	0	1149	227	225	99/100	7.30	1462
  16600	1371	0	0	6	—	0.08451	0	1139	231	229	100/100	6.63	1565
  16700	1361	0	0	6	—	0.08252	0	1133	227	225	100/100	5.86	1472
  16800	1356	0	0	6	—	0.0812	0	1129	226	224	100/100	6.70	1497
  16900	1356	0	0	6	—	0.07986	0	1133	222	220	100/100	7.54	1400
  17000	1365	0	0	6	—	0.08156	0	1146	218	216	100/100	7.22	1388
  17100	1375	0	0	6	—	0.08548	0	1159	215	213	100/100	7.17	1542
  17200	1385	0	0	6	—	0.08715	0	1173	211	209	100/100	6.78	1529
  17300	1389	0	0	6	—	0.08625	0	1169	219	217	100/100	6.73	1541
  17400	1377	0	0	6	—	0.07942	0	1155	221	219	100/100	7.08	1558
  17500	1370	0	0	6	—	0.07963	0	1150	219	217	100/100	7.42	1509
  17600	1356	0	0	6	—	0.08239	0	1133	222	220	100/100	7.54	1430
  17700	1346	0	0	6	—	0.08374	0	1126	219	217	100/100	7.92	1557
  17800	1348	0	0	6	—	0.0833	0	1125	222	220	100/100	7.14	1323
  17900	1378	0	0	6	—	0.08294	0	1157	220	218	100/100	6.75	1446
  18000	1349	0	0	6	—	0.08138	0	1125	223	221	100/100	6.80	1415
  18100	1343	0	0	6	—	0.08282	0	1121	221	219	100/100	6.61	1360
  18200	1352	0	0	6	—	0.08437	0	1117	234	232	100/100	6.99	1353
  18300	1345	0	0	6	—	0.08882	0	1117	227	225	100/100	8.11	1403
  18400	1372	0	0	6	—	0.08868	0	1146	225	223	100/100	7.38	1436
  18500	1378	0	0	6	—	0.08346	0	1154	223	221	100/100	7.46	1418
  18600	1374	0	0	6	—	0.0814	0	1152	221	219	100/100	8.36	1356
  18700	1365	0	0	6	—	0.08241	0	1148	216	214	100/100	7.32	1395
  18800	1359	0	0	6	0.12348	0.0845	0	1145	213	211	100/100	7.07	1450
  18900	1348	0	0	6	—	0.08672	0	1132	215	212	100/100	8.29	1410
  19000	1356	0	0	6	—	0.0823	0	1136	219	216	100/100	7.92	1450
  19100	1385	0	0	6	—	0.07758	0	1156	228	225	100/100	7.66	1414
  19200	1366	0	0	6	—	0.07493	0	1131	234	231	100/100	7.25	1533
  19300	1335	0	0	6	—	0.07483	0	1108	227	224	100/100	7.98	1328
  19400	1317	0	0	6	—	0.08015	0	1088	229	227	100/100	7.86	1644
  19500	1325	0	0	6	—	0.08469	0	1097	228	226	100/100	7.75	1513
  19600	1329	0	0	6	—	0.08762	0	1091	238	236	100/100	8.78	1540
  19700	1336	0	0	6	—	0.08458	0	1104	232	230	100/100	8.69	1517
  19800	1360	0	0	6	—	0.08036	0	1134	226	224	100/100	7.47	1727
  19900	1374	0	0	6	—	0.07945	0	1150	224	222	100/100	7.57	1609
  20000	1358	0	0	6	—	0.08098	0	1129	229	227	100/100	7.93	1578
  20100	1364	0	0	6	—	0.08394	0	1129	235	233	100/100	7.45	1556
  20200	1372	0	0	6	—	0.08629	0	1141	231	229	100/100	7.24	1593
  20300	1364	0	0	6	—	0.0852	0	1128	234	232	100/100	6.40	1553
  20400	1358	0	0	6	—	0.08415	0	1121	236	234	100/100	6.54	1541
  20500	1350	0	0	6	—	0.08287	0	1103	246	244	100/100	7.27	1429
  20600	1367	0	0	6	—	0.08313	0	1121	245	243	100/100	8.33	1418
  20700	1384	0	0	6	—	0.08325	0	1140	243	241	100/100	7.60	1425
  20800	1381	0	0	6	—	0.0853	0	1142	238	236	100/100	7.92	1451
  20900	1357	0	0	6	—	0.08093	0	1113	243	241	100/100	8.90	1342
  21000	1354	0	0	6	—	0.08049	0	1102	251	249	100/100	11.18	1350
  21100	1356	0	0	6	—	0.0829	0	1090	265	263	100/100	8.65	1280
  21200	1365	0	0	6	—	0.08447	0	1093	271	269	100/100	7.09	1208
  21300	1374	0	0	6	—	0.08531	0	1101	272	270	100/100	7.15	1328
  21400	1384	0	0	6	—	0.08319	0	1099	284	282	100/100	7.26	1390
  21500	1379	0	0	6	—	0.08282	0	1100	278	277	100/100	6.75	1537
  21600	1377	0	0	6	—	0.08034	0	1108	268	267	100/100	7.36	1818
  21700	1373	0	0	6	—	0.08153	0	1116	256	255	100/100	7.36	1557
  21800	1363	0	0	6	—	0.08433	0	1106	256	255	100/100	7.43	1507
  21900	1363	0	0	6	—	0.08711	0	1108	254	253	100/100	8.12	1516
  22000	1373	0	0	6	—	0.08748	0	1121	251	250	100/100	7.91	1501
  22100	1380	0	0	6	—	0.08478	0	1139	240	239	100/100	8.81	1518
  22200	1394	0	0	6	—	0.07932	0	1158	234	233	100/100	7.92	1511
  22300	1369	0	0	6	—	0.07789	0	1142	226	225	100/100	8.29	1385
  22400	1368	0	0	6	—	0.08172	0	1139	228	227	100/100	7.96	1436
  22500	1366	0	0	6	—	0.08363	0	1146	219	218	100/100	7.59	1668
  22600	1353	0	0	6	—	0.08067	0	1138	214	213	100/100	7.46	1426
  22700	1362	0	0	6	—	0.08088	0	1149	212	211	100/100	8.38	1384
  22800	1368	0	0	6	—	0.08319	0	1150	217	216	100/100	7.38	1488
  22900	1365	0	0	6	—	0.08236	0	1143	221	220	100/100	6.72	1501
  23000	1345	0	0	6	—	0.08337	0	1110	234	233	100/100	7.50	1535
  23100	1354	0	0	6	—	0.08438	0	1119	234	233	100/100	7.58	1451
  23200	1365	0	0	6	—	0.08218	0	1139	225	225	100/100	7.66	1532
  23300	1384	0	0	6	—	0.07822	0	1162	221	221	100/100	7.66	2108
  23400	1363	0	0	6	—	0.07826	0	1148	214	214	100/100	8.36	1467
  23500	1362	0	0	6	—	0.08085	0	1148	212	212	100/100	7.35	1416
  23600	1374	0	0	6	—	0.08576	0	1159	214	214	100/100	6.81	1435
  23700	1361	0	0	6	—	0.08672	0	1149	210	210	100/100	7.46	1626
  23800	1361	0	0	6	—	0.08553	0	1146	214	214	100/100	6.85	1396
  23900	1354	0	0	6	—	0.08532	0	1135	218	218	100/100	7.12	1404
  24000	1359	0	0	6	—	0.0801	0	1137	221	221	100/100	6.92	1296
  24100	1374	0	0	6	—	0.07933	0	1146	227	227	100/100	6.76	1365
  24200	1390	0	0	6	—	0.08245	0	1159	230	230	100/100	7.65	1680
  24300	1384	0	0	6	—	0.08598	0	1154	229	227	100/100	7.30	1773
  24400	1338	0	0	6	—	0.08907	0	1092	245	243	100/100	7.82	1540
  24500	1342	0	0	6	—	0.08341	0	1083	258	256	100/100	6.97	1440
  24600	1362	0	0	6	—	0.07797	0	1109	252	250	100/100	7.80	1522
  24700	1351	0	0	6	—	0.07827	0	1101	249	247	100/100	7.74	1453
  24800	1349	0	0	6	—	0.08131	0	1096	252	250	100/100	8.23	1919
  24900	1356	0	0	6	—	0.083	0	1111	244	242	100/100	9.46	1459
  25000	1354	0	0	6	—	0.08088	0	1108	245	243	100/100	8.82	1282
  25100	1328	0	0	6	—	0.08205	0	1085	242	240	100/100	9.59	1332
  25200	1355	0	0	6	—	0.08325	0	1120	234	232	100/100	8.41	1953
  25300	1370	0	0	6	—	0.08325	0	1136	232	230	100/100	7.60	1484
  25400	1373	0	0	6	—	0.08604	0	1149	223	221	100/100	7.93	1910
  25500	1377	0	0	6	—	0.08444	0	1154	221	219	100/100	7.59	1624
  25600	1373	0	0	6	—	0.08335	0	1153	219	217	100/100	7.20	1489
  25700	1335	0	0	6	—	0.08035	0	1118	216	214	100/100	7.33	1477
  25800	1331	0	0	6	—	0.07751	0	1116	213	211	100/100	8.39	1352
  25900	1327	0	0	6	—	0.08233	0	1108	218	216	100/100	8.10	1459
  26000	1334	0	0	6	—	0.08462	0	1118	215	213	100/100	9.42	1486
  26100	1304	0	0	6	—	0.08577	0	1085	218	214	100/100	7.81	1461
  26200	1299	0	0	6	—	0.08124	0	1085	213	209	100/100	9.30	1252
  26300	1298	0	0	6	—	0.07838	0	1080	217	213	100/100	7.12	1258
  26400	1311	0	0	6	—	0.07726	0	1098	211	207	100/100	7.15	1272
  26500	1328	0	0	6	—	0.08116	0	1112	215	211	100/100	7.27	1255
  26600	1324	0	0	6	—	0.08589	0	1112	211	207	100/100	7.30	1414
  26700	1293	0	0	6	—	0.08599	0	1089	203	200	100/100	7.75	1557
  26800	1327	0	0	6	—	0.08535	0	1121	206	204	100/100	7.54	1355
  26900	1336	0	0	6	—	0.082	0	1134	201	199	100/100	7.39	1810
  27000	1337	0	0	6	—	0.07948	0	1141	195	193	100/100	9.27	1399
  27100	1308	0	0	6	—	0.07988	0	1113	195	193	100/100	7.46	1359
  27200	1335	0	0	6	—	0.08198	0	1137	198	196	100/100	8.45	1447
  27300	1321	0	0	6	—	0.08526	0	1125	195	193	100/100	9.81	1503
  27400	1299	0	0	6	—	0.08597	0	1100	199	197	100/100	7.58	1416
  27500	1305	0	0	6	—	0.0843	0	1102	203	201	100/100	6.88	1345
  27600	1311	0	0	6	—	0.08356	0	1110	201	199	100/100	6.98	1763
  27700	1327	0	0	6	—	0.08284	0	1125	202	200	100/100	7.24	1530
  27800	1326	0	0	6	—	0.08328	0	1123	203	201	100/100	7.75	1441
  27900	1308	0	0	6	—	0.08086	0	1109	199	197	100/100	8.13	1319
  28000	1318	0	0	6	—	0.0795	0	1112	206	204	100/100	7.52	1342
  28100	1327	0	0	6	—	0.08029	0	1123	204	202	100/100	7.66	1400
  28200	1323	0	0	6	—	0.08233	0	1115	208	207	100/100	7.56	1298
  28300	1312	0	0	6	—	0.08524	0	1104	208	207	100/100	7.49	1333
  28400	1322	0	0	6	—	0.08326	0	1104	218	217	100/100	9.09	1244
  28500	1310	0	0	6	—	0.08317	0	1091	219	218	100/100	7.75	1389
  28600	1294	0	0	6	—	0.08488	0	1067	227	226	100/100	7.43	1374
  28700	1326	0	0	6	—	0.08317	0	1103	223	222	100/100	9.70	1342
  28800	1307	0	0	6	—	0.08063	0	1087	220	219	100/100	7.60	1349
  28900	1300	0	0	6	—	0.07852	0	1079	221	220	100/100	7.67	1353
  29000	1317	0	0	6	—	0.08503	0	1083	234	233	100/100	7.93	1441
  29100	1322	0	0	6	—	0.08711	0	1087	235	234	100/100	6.81	1231
  29200	1328	0	0	6	—	0.08756	0	1092	236	235	100/100	7.19	1275
  29300	1321	0	0	6	—	0.08342	0	1081	240	239	100/100	8.44	1236
  29400	1321	0	0	6	—	0.08003	0	1090	231	230	100/100	7.17	1278
  29500	1331	0	0	6	—	0.08084	0	1101	230	227	100/100	8.78	1351
  29600	1334	0	0	6	—	0.08198	0	1116	218	215	100/100	8.79	1421
  29700	1345	0	0	6	—	0.08326	0	1135	210	207	100/100	7.59	1680
  29800	1349	0	0	6	—	0.0835	0	1145	204	201	100/100	7.04	1482
  29900	1357	0	0	6	—	0.08302	0	1158	199	197	100/100	7.10	1441
  30000	1329	0	0	6	—	0.08455	0	1133	196	194	100/100	7.28	1496
== r36-s5  (**Ended:** budget reached.)
  t	alive	jointed	jnt inh	diverged	spd jnt	spd rig	work J/s	photo inh	absorpt	inherit	cols	x sd	wraps
  100	43	25	10	0	0.07272	0.07209	363.07	15	3	0	36/100	7.47	53
  200	65	40	33	0	0.08942	0.07182	571.13	47	1	0	45/100	5.41	81
  300	98	62	54	0	0.08546	0.07055	1041.94	80	1	0	59/100	5.34	110
  400	118	80	73	0	0.09261	0.07197	1477.46	103	0	0	71/100	5.94	226
  500	135	95	88	1	0.08816	0.06693	1449.88	122	0	0	74/100	5.29	219
  600	151	107	101	1	0.09454	0.07464	1638.66	140	0	0	78/100	6.37	303
  700	165	123	117	3	0.09525	0.07528	2028.49	155	0	0	82/100	6.41	312
  800	180	135	129	3	0.09373	0.07871	2666.28	170	0	0	77/100	6.56	306
  900	187	140	134	4	0.08865	0.07597	2872.71	177	0	0	78/100	6.37	350
  1000	181	122	118	6	0.08844	0.07471	2064.41	173	0	0	90/100	7.11	340
  1100	182	122	119	6	0.0848	0.07337	2074.22	174	0	0	85/100	7.21	286
  1200	197	138	135	6	0.09078	0.07069	3214.81	189	0	0	82/100	8.46	352
  1300	192	138	135	8	0.09446	0.07149	3022.6	184	0	0	86/100	7.05	466
  1400	196	134	131	8	0.09131	0.07328	2480.26	190	0	0	79/100	7.35	317
  1500	205	135	129	9	0.0882	0.07114	3039.59	199	0	0	80/100	6.15	368
  1600	211	135	130	9	0.09199	0.0786	2822.22	205	0	0	89/100	7.35	426
  1700	219	147	142	9	0.08948	0.07842	3201.43	213	1	0	92/100	6.13	408
  1800	229	158	153	9	0.08517	0.08048	4185.78	224	1	0	85/100	5.35	342
  1900	235	138	131	9	0.09071	0.07876	2405.77	230	1	0	86/100	6.14	583
  2000	227	133	128	9	0.08614	0.07739	2168.47	223	4	3	88/100	7.38	442
  2100	224	122	119	9	0.08712	0.07637	2109.56	221	5	4	91/100	6.71	331
  2200	217	131	129	9	0.08618	0.0703	2548.1	214	6	5	89/100	7.09	364
  2300	206	124	122	9	0.08838	0.069	2216.5	202	12	11	85/100	7.01	302
  2400	207	121	119	9	0.08565	0.07865	1920.97	203	14	13	85/100	7.12	288
  2500	208	111	109	9	0.0909	0.07709	1669.08	204	21	20	91/100	7.85	302
  2600	210	107	106	9	0.09035	0.07526	1605.37	206	28	27	86/100	8.52	322
  2700	219	106	105	9	0.08899	0.07299	1598.75	216	32	31	85/100	6.32	374
  2800	217	103	101	9	0.087	0.07467	1379.34	214	33	32	89/100	6.85	364
  2900	222	97	95	10	0.08266	0.07368	1259.31	218	39	38	89/100	6.67	318
  3000	227	94	92	10	0.08856	0.07916	1255.84	220	44	43	89/100	8.22	344
  3100	246	91	88	10	0.08669	0.07984	1145.71	240	52	51	87/100	7.46	323
  3200	251	92	89	10	0.08698	0.08042	1297.87	247	59	58	89/100	7.56	324
  3300	254	96	93	10	0.09182	0.07715	1681.67	250	58	57	88/100	9.64	332
  3400	259	95	92	10	0.09465	0.07853	1639.6	258	63	62	91/100	8.06	415
  3500	277	93	92	10	0.08983	0.07706	1374.59	277	71	70	93/100	9.11	389
  3600	311	94	92	10	0.09107	0.07785	1293.07	311	70	69	97/100	7.76	394
  3700	298	94	93	10	0.08993	0.07942	1316.69	298	65	65	93/100	7.15	439
  3800	293	93	92	10	0.09571	0.08165	1495.86	293	59	59	88/100	6.75	428
  3900	305	89	88	10	0.08954	0.07868	1222.58	303	54	53	98/100	6.46	390
  4000	323	105	104	10	0.08763	0.07546	2598.99	322	47	46	96/100	5.81	403
  4100	341	103	101	10	0.08724	0.07689	2632.9	340	41	40	93/100	6.94	558
  4200	370	98	97	10	0.09732	0.07715	2419.3	369	43	42	98/100	6.69	588
  4300	382	88	87	10	0.09771	0.07935	1896.89	381	59	58	99/100	7.18	558
  4400	437	83	82	10	0.09564	0.0798	1546.64	436	99	98	99/100	6.62	503
  4500	461	79	78	10	0.08702	0.07692	1343.89	460	116	115	97/100	7.06	620
  4600	474	74	73	10	0.08728	0.07657	1074.4	472	127	126	99/100	8.82	491
  4700	494	71	69	10	0.09014	0.07515	1101.96	492	137	136	100/100	7.95	464
  4800	515	75	74	11	0.09057	0.07984	1669.22	513	139	138	99/100	7.20	698
  4900	548	86	85	11	0.0962	0.08495	2074.6	547	128	128	99/100	7.21	770
  5000	577	79	78	11	0.09739	0.08514	2321.29	576	139	139	98/100	6.78	667
  5100	604	67	67	11	0.09527	0.08103	1943.68	603	155	155	100/100	6.18	676
  5200	621	57	57	11	0.09156	0.07854	1303.3	620	167	167	100/100	7.00	706
  5300	626	59	59	11	0.09039	0.07763	1490.37	625	159	159	100/100	6.27	714
  5400	639	53	53	11	0.09698	0.08364	1278.8	639	164	164	100/100	6.64	697
  5500	656	55	55	11	0.09259	0.08596	1459.94	656	163	163	100/100	6.99	832
  5600	639	52	52	11	0.10107	0.08379	1555.72	639	144	144	100/100	7.30	810
  5700	634	41	38	11	0.09866	0.08294	770.65	634	129	129	100/100	7.56	712
  5800	621	47	43	11	0.08087	0.07678	1133.68	621	122	122	100/100	7.42	951
  5900	630	49	46	11	0.08979	0.07754	1485.59	630	109	109	99/100	9.28	713
  6000	623	45	44	11	0.09505	0.07949	1259.62	623	101	101	100/100	10.43	730
  6100	649	43	42	11	0.09794	0.08347	987.32	649	113	113	99/100	7.67	740
  6200	664	38	37	11	0.09648	0.08686	760.1	664	131	131	100/100	7.01	813
  6300	673	43	43	11	0.08533	0.08382	615.8	673	130	130	99/100	7.72	921
  6400	675	35	35	11	0.0902	0.0803	546.46	675	127	126	100/100	6.46	865
  6500	685	33	33	11	0.09669	0.07961	562.95	685	125	123	100/100	6.62	748
  6600	689	34	33	11	0.09437	0.08022	701.35	689	128	126	100/100	6.47	703
  6700	677	28	27	11	0.08393	0.08245	412.58	677	109	109	100/100	7.52	874
  6800	698	26	25	11	0.08899	0.08075	431.47	698	100	100	100/100	6.01	798
  6900	712	25	24	11	0.08292	0.08108	402.75	712	110	110	100/100	6.27	1126
  7000	732	23	23	11	0.08385	0.08013	337.75	732	123	123	100/100	6.35	794
  7100	729	22	22	11	0.09144	0.08202	314.36	729	130	130	100/100	7.68	803
  7200	736	22	22	11	0.10003	0.08558	317.27	736	125	125	100/100	8.14	740
  7300	749	28	28	11	0.10048	0.08863	989.74	749	132	132	100/100	8.91	813
  7400	742	29	29	11	0.09674	0.08542	1004.55	742	123	123	100/100	8.45	857
  7500	741	21	21	11	0.08513	0.08124	433.43	741	124	124	100/100	8.35	760
  7600	747	29	29	11	0.0916	0.07847	957.19	747	123	123	100/100	6.94	1630
  7700	760	34	34	11	0.0872	0.07919	1213.09	760	117	117	99/100	7.32	750
  7800	778	27	27	11	0.10591	0.08329	909.18	778	109	109	100/100	7.30	776
  7900	808	23	23	11	0.10382	0.08467	671.22	807	106	105	100/100	8.01	894
  8000	817	23	22	11	0.09331	0.08408	836.36	816	99	98	100/100	7.13	1193
  8100	842	22	22	12	0.08276	0.0788	817.28	840	94	93	99/100	6.61	1053
  8200	871	29	29	12	0.08948	0.07525	1560.11	869	92	91	99/100	7.53	952
  8300	898	23	23	12	0.09989	0.07606	916.63	896	106	105	100/100	8.58	913
  8400	908	17	17	12	0.10877	0.08213	460.68	906	115	114	99/100	8.39	1099
  8500	925	15	15	12	0.10026	0.08342	368.01	923	127	126	100/100	7.80	1163
  8600	946	15	15	12	0.08822	0.0843	404.18	944	128	127	100/100	7.32	955
  8700	938	14	14	12	0.09516	0.08347	345.16	936	117	116	100/100	8.85	1007
  8800	935	14	14	12	0.09838	0.08256	305.11	932	113	112	100/100	8.22	1003
  8900	937	13	13	12	0.0926	0.08502	304.38	934	126	125	100/100	8.71	1089
  9000	942	16	16	12	0.10182	0.08677	540.73	939	129	128	100/100	8.70	1082
  9100	958	19	19	12	0.10749	0.08553	652.52	957	129	128	100/100	6.53	1116
  9200	964	22	22	12	0.10506	0.08376	721.29	961	117	114	100/100	6.73	1104
  9300	980	24	22	12	0.09651	0.08239	815.36	978	99	96	100/100	8.74	1053
  9400	1000	24	24	12	0.09243	0.08394	687.23	998	98	95	100/100	7.93	1125
  9500	1000	16	16	12	0.08905	0.08293	405.11	998	90	87	100/100	7.53	1019
  9600	988	14	14	12	0.09309	0.08413	378.42	986	85	82	100/100	7.48	1048
  9700	1003	14	14	12	0.09969	0.08588	353.06	1001	95	92	100/100	9.77	1000
  9800	1029	13	12	12	0.09288	0.08499	278.32	1026	108	104	100/100	6.63	1137
  9900	1045	13	11	12	0.09381	0.08005	347	1042	105	101	100/100	6.80	1104
  10000	1056	11	11	12	0.08877	0.077	253.4	1052	102	98	99/100	6.99	1051
  10100	1076	10	10	12	0.09683	0.08098	217.79	1073	111	107	100/100	6.74	936
  10200	1101	10	10	12	0.0913	0.08418	220.32	1098	109	105	100/100	7.71	1074
  10300	1098	11	11	12	0.10135	0.08884	249.23	1095	104	100	100/100	7.14	1748
  10400	1110	17	16	12	0.1013	0.08815	520.23	1107	104	100	100/100	6.05	1404
  10500	1102	14	14	12	0.10086	0.08608	421.35	1099	98	94	100/100	7.37	1328
  10600	1106	23	23	12	0.10283	0.08209	635.63	1103	91	87	100/100	7.94	1197
  10700	1097	28	28	12	0.08978	0.07988	703.69	1094	81	77	100/100	7.04	1155
  10800	1090	31	31	12	0.08918	0.0845	1002.7	1087	90	86	100/100	6.99	1210
  10900	1081	34	34	12	0.09681	0.08936	970.51	1078	81	77	100/100	7.07	1242
  11000	1064	21	21	13	0.08948	0.0887	494.38	1061	76	72	100/100	7.44	1247
  11100	1062	21	21	13	0.09405	0.08363	477.29	1059	72	68	100/100	7.46	1216
  11200	1084	26	26	13	0.08688	0.07976	556.45	1080	69	65	100/100	7.54	1163
  11300	1099	22	22	13	0.09051	0.0813	500.79	1095	66	62	100/100	7.58	1125
  11400	1099	22	22	13	0.09735	0.08475	598.55	1095	58	54	100/100	7.47	1113
  11500	1124	19	19	13	0.0947	0.08396	425.55	1120	55	51	100/100	7.67	1191
  11600	1132	20	18	13	0.09453	0.08365	535.79	1128	50	46	100/100	8.70	1277
  11700	1139	16	16	13	0.09768	0.08293	352.09	1135	48	44	100/100	7.39	1384
  11800	1138	15	15	13	0.09254	0.08054	327.97	1132	48	44	100/100	7.95	1318
  11900	1159	16	16	13	0.09265	0.08108	412.54	1153	47	43	100/100	7.45	1225
  12000	1180	29	29	13	0.10253	0.08511	1359.49	1174	46	42	100/100	7.10	1224
  12100	1179	23	23	13	0.10314	0.08651	1032.95	1174	43	39	100/100	7.13	1387
  12200	1193	25	25	14	0.11441	0.0851	876.27	1189	51	47	99/100	6.82	1449
  12300	1199	22	22	15	0.09544	0.0819	751.73	1195	61	57	100/100	7.57	1288
  12400	1199	17	17	15	0.10057	0.07977	469.69	1195	72	68	100/100	8.44	1097
  12500	1207	16	16	15	0.09389	0.08215	403.77	1202	71	67	100/100	7.71	1209
  12600	1220	19	19	15	0.10089	0.0862	445.39	1215	67	63	100/100	7.09	1715
  12700	1218	15	15	16	0.10878	0.08543	412.67	1213	59	55	100/100	7.82	1215
  12800	1233	14	14	16	0.10374	0.0876	371.85	1228	56	52	100/100	6.79	1169
  12900	1233	13	13	16	0.10659	0.08516	317.57	1228	59	55	100/100	7.05	1312
  13000	1246	11	11	16	0.09054	0.08038	241.88	1241	77	73	100/100	8.04	1279
  13100	1262	11	11	16	0.1005	0.08285	260.57	1256	80	76	100/100	8.37	1260
  13200	1272	11	11	16	0.10053	0.08603	252.38	1265	78	73	100/100	9.45	1235
  13300	1277	11	11	16	0.10908	0.08706	256.25	1270	78	73	100/100	8.31	1395
  13400	1282	12	10	16	0.10354	0.08618	316.01	1275	73	68	100/100	8.13	1466
  13500	1257	13	10	16	0.10142	0.08268	322.19	1249	65	60	100/100	7.23	1390
  13600	1263	12	10	16	0.09706	0.08095	314.47	1255	82	77	100/100	8.26	1390
  13700	1265	12	10	16	0.11088	0.08197	303.91	1256	76	72	100/100	10.35	1417
  13800	1267	13	10	16	0.10136	0.0834	313.55	1259	69	66	100/100	7.45	1441
  13900	1278	12	10	16	0.09746	0.08467	314.95	1269	64	61	100/100	6.61	1508
  14000	1297	14	12	16	0.09857	0.08227	484.16	1288	59	57	100/100	6.98	1331
  14100	1297	17	15	16	0.10046	0.0817	526.6	1288	54	52	100/100	7.23	1416
  14200	1294	27	26	16	0.09068	0.0822	746.47	1285	49	47	100/100	6.97	1430
  14300	1303	17	16	16	0.09934	0.08409	505.17	1293	47	44	100/100	6.83	1470
  14400	1319	15	14	16	0.11318	0.08639	475.83	1307	45	42	100/100	7.20	1524
  14500	1337	13	12	16	0.10931	0.08696	344.94	1321	44	41	100/100	7.98	1601
  14600	1361	12	11	16	0.10396	0.08481	301.37	1347	42	39	100/100	8.20	2180
  14700	1379	12	11	16	0.0878	0.08242	334.94	1362	52	49	100/100	7.73	1447
  14800	1385	12	11	16	0.08848	0.07951	315.2	1368	61	59	100/100	7.31	1428
  14900	1387	12	11	16	0.0951	0.08028	318.74	1369	62	60	100/100	7.51	1451
  15000	1388	12	11	16	0.09546	0.08408	305.3	1367	61	59	100/100	6.93	1509
  15100	1402	12	11	16	0.08413	0.08525	306.76	1380	59	58	100/100	7.72	1410
  15200	1406	13	12	16	0.09845	0.08625	365.77	1382	55	54	100/100	7.06	1991
  15300	1418	16	15	16	0.10398	0.08318	498.28	1392	52	51	100/100	8.00	1509
  15400	1428	16	15	16	0.09725	0.08037	607.6	1398	55	54	100/100	8.02	1489
  15500	1450	15	14	16	0.09695	0.08163	637.87	1415	68	67	100/100	7.35	1543
  15600	1457	13	12	16	0.10062	0.08311	466.4	1421	81	80	100/100	6.44	1498
  15700	1462	12	11	16	0.10194	0.08485	375.49	1424	83	82	100/100	6.41	1428
  15800	1453	11	10	16	0.10151	0.08557	266.45	1413	81	80	100/100	7.47	2322
  15900	1447	11	10	16	0.11249	0.08439	278.61	1405	81	80	100/100	8.52	1376
  16000	1461	11	10	16	0.10086	0.08663	312.38	1418	75	74	100/100	7.98	1541
  16100	1457	12	11	16	0.08758	0.08613	355.17	1413	71	70	100/100	7.82	1580
  16200	1459	9	8	16	0.10636	0.08776	252.88	1415	70	69	100/100	7.53	1593
  16300	1465	9	8	16	0.1316	0.085	244.75	1417	70	69	100/100	7.38	1653
  16400	1469	10	8	16	0.11598	0.08358	250.61	1421	69	68	100/100	7.66	1672
  16500	1475	8	7	16	0.09072	0.0839	280.19	1424	71	70	100/100	9.29	1709
  16600	1488	8	7	16	0.09993	0.08449	256.55	1439	69	68	100/100	9.33	1937
  16700	1504	7	6	16	0.10451	0.08621	206.55	1455	64	63	100/100	7.24	1628
  16800	1519	7	6	16	0.1313	0.08505	194.59	1469	64	63	100/100	8.79	1588
  16900	1529	6	5	16	0.10206	0.08452	210.97	1478	64	63	100/100	8.22	1519
  17000	1541	6	5	16	0.11046	0.08235	219.14	1489	65	64	100/100	8.13	1666
  17100	1543	6	5	16	0.08736	0.078	176.34	1492	64	63	100/100	10.20	1660
  17200	1564	5	4	16	0.10019	0.07876	114.54	1511	64	63	100/100	8.03	1751
  17300	1569	5	4	16	0.09895	0.08085	107.45	1516	62	61	100/100	7.82	1759
  17400	1571	5	4	16	0.09098	0.08355	138.2	1518	64	63	100/100	7.89	1600
  17500	1572	5	4	16	0.10028	0.08847	118.37	1519	63	62	100/100	7.81	1645
  17600	1592	5	4	16	0.08635	0.08973	110.08	1536	66	65	100/100	8.74	1532
  17700	1608	5	4	16	0.06932	0.08739	118.19	1553	64	63	100/100	7.25	1665
  17800	1604	12	11	16	0.09597	0.08208	345.43	1551	62	60	100/100	7.26	1770
  17900	1615	18	17	16	0.08889	0.08099	546.89	1563	61	59	100/100	6.84	1587
  18000	1604	14	13	16	0.09929	0.08474	377.63	1551	62	60	100/100	6.47	1656
  18100	1601	10	9	16	0.11124	0.08804	219.71	1551	59	57	100/100	6.49	1811
  18200	1611	9	8	16	0.11263	0.08829	218.46	1563	56	54	100/100	6.18	1728
  18300	1622	9	8	16	0.10062	0.0864	242.14	1576	54	52	100/100	6.44	1760
  18400	1622	9	8	16	0.10345	0.08205	224.68	1578	52	50	100/100	6.38	1846
  18500	1622	7	6	16	0.10848	0.0828	148.24	1581	49	47	100/100	7.16	1871
  18600	1631	7	6	16	0.10766	0.08672	162.66	1589	55	53	100/100	9.74	1906
  18700	1646	7	6	16	0.12883	0.08474	191.97	1604	58	56	100/100	7.62	1926
  18800	1651	7	6	16	0.10521	0.08528	161.97	1608	60	58	100/100	6.78	1913
  18900	1648	6	6	16	0.12279	0.08322	123.93	1607	56	55	100/100	6.52	1918
  19000	1644	6	6	16	0.11121	0.08237	156.62	1603	54	53	100/100	7.14	1864
  19100	1640	6	6	16	0.0819	0.08328	164.62	1597	56	55	100/100	8.91	1769
  19200	1637	5	5	17	0.08452	0.08365	138.15	1595	53	52	100/100	9.98	1829
  19300	1629	5	5	17	0.09713	0.0861	109.3	1587	56	55	100/100	7.00	1788
  19400	1635	5	5	17	0.09638	0.08532	110.72	1592	61	60	100/100	7.00	1926
  19500	1634	5	5	17	0.09204	0.08136	147.84	1592	57	56	100/100	6.81	1669
  19600	1621	5	5	17	0.10108	0.08084	131.89	1575	58	57	100/100	6.99	1550
  19700	1600	4	4	17	0.08478	0.083	93.91	1554	56	56	100/100	8.03	1570
  19800	1611	4	4	17	0.0799	0.08946	82.12	1567	52	52	100/100	8.03	1791
  19900	1618	4	4	17	0.09894	0.09609	107.39	1571	55	55	100/100	8.72	2077
  20000	1607	4	4	17	0.09866	0.09433	127.24	1560	54	54	100/100	8.32	2006
  20100	1616	5	4	17	0.08822	0.08501	101.97	1571	51	51	100/100	7.78	1900
  20200	1626	4	3	17	0.08419	0.07827	54.92	1582	49	49	100/100	7.51	1675
  20300	1627	4	3	17	0.09723	0.08497	77.23	1582	52	52	100/100	7.85	1631
  20400	1638	4	3	17	0.08634	0.087	89.66	1590	71	71	100/100	8.98	1638
  20500	1643	4	3	17	0.07412	0.08834	87.2	1590	76	76	100/100	7.67	1622
  20600	1647	4	3	17	0.09433	0.08419	74.8	1594	71	71	100/100	8.28	1611
  20700	1650	4	3	17	0.09469	0.08267	57.83	1596	69	69	100/100	8.57	1855
  20800	1656	4	3	17	0.08381	0.08379	90.25	1601	67	67	100/100	8.13	1801
  20900	1660	4	3	17	0.08962	0.08558	80.26	1605	68	68	100/100	7.36	1517
  21000	1666	4	3	17	0.07579	0.08437	69.05	1611	67	67	100/100	8.61	1658
  21100	1671	4	3	17	0.08847	0.08642	71.67	1612	67	67	100/100	7.03	1911
  21200	1670	4	3	17	0.09229	0.08538	67.76	1608	69	69	100/100	7.17	1785
  21300	1672	4	3	17	0.08828	0.08489	95.51	1606	73	73	100/100	7.77	1735
  21400	1675	4	3	17	0.0881	0.08457	89.08	1609	72	72	100/100	8.61	1743
  21500	1670	4	3	17	0.11369	0.08601	57.02	1603	72	72	100/100	7.99	1950
  21600	1657	4	3	17	0.11218	0.0893	73.63	1591	70	70	100/100	9.00	2041
  21700	1654	4	3	17	0.08261	0.08863	85.33	1586	69	69	100/100	7.84	1997
  21800	1655	4	3	17	0.0858	0.08342	91.42	1585	71	71	100/100	8.59	1962
  21900	1659	4	3	17	0.08839	0.08265	78.11	1586	74	74	100/100	8.53	1908
  22000	1657	4	3	17	0.09309	0.08202	55.92	1585	74	74	100/100	7.89	2017
  22100	1658	4	3	17	0.09399	0.08711	86.13	1585	75	75	100/100	8.98	2162
  22200	1657	4	3	17	0.08591	0.0903	96.88	1581	77	77	100/100	7.38	1835
  22300	1667	4	3	17	0.08657	0.08792	74.06	1590	79	79	100/100	8.06	1856
  22400	1665	3	3	17	0.09338	0.08553	71.92	1590	77	77	100/100	10.01	1740
  22500	1680	3	3	17	0.07807	0.08424	64.1	1602	80	80	100/100	8.31	1821
  22600	1682	3	3	17	0.1094	0.07997	95.07	1604	79	79	100/100	7.59	1923
  22700	1680	3	3	17	0.09692	0.08263	91.87	1603	78	78	100/100	7.53	1915
  22800	1674	2	2	17	0.08865	0.0844	39.54	1598	77	77	100/100	7.89	1804
  22900	1663	2	2	17	0.07689	0.08403	40.86	1587	77	77	100/100	7.33	1719
  23000	1670	1	1	17	0.07176	0.086	29.6	1596	75	75	100/100	7.68	1825
  23100	1685	1	1	17	0.07865	0.08946	22.61	1611	75	75	100/100	7.95	2126
  23200	1677	1	1	17	0.11597	0.08795	28.52	1605	73	73	100/100	7.65	2073
  23300	1671	1	1	17	0.09284	0.08703	12.33	1599	73	73	100/100	7.23	1828
  23400	1669	1	1	17	0.10453	0.08596	33.3	1591	80	80	100/100	7.65	1635
  23500	1655	1	1	17	0.0961	0.08471	31.29	1574	83	83	100/100	7.69	1553
  23600	1661	1	1	17	0.10427	0.08476	14.86	1582	81	81	100/100	7.35	1813
  23700	1663	1	1	17	0.08928	0.08552	28.43	1587	85	85	100/100	7.57	1876
  23800	1666	1	1	17	0.04875	0.08628	20.33	1590	88	88	100/100	7.72	1875
  23900	1660	1	1	17	0.07856	0.0881	33.73	1584	85	85	100/100	8.53	1821
  24000	1659	1	1	17	0.08796	0.0889	29.31	1584	83	83	100/100	6.90	1768
  24100	1651	1	1	17	0.06657	0.08448	10.75	1575	83	82	100/100	7.36	1652
  24200	1662	1	1	17	0.12104	0.08066	29.99	1587	82	80	100/100	8.54	1705
  24300	1661	1	1	17	0.0784	0.08037	28.06	1586	80	78	100/100	8.12	1904
  24400	1657	1	1	17	0.04266	0.08185	25.3	1584	78	76	100/100	8.81	1935
  24500	1652	1	1	17	0.09913	0.08725	28.56	1580	75	73	100/100	8.80	1912
  24600	1658	1	1	17	0.10628	0.08893	10.48	1583	76	74	100/100	8.64	1922
  24700	1666	1	1	17	0.10698	0.08824	32.58	1593	75	73	100/100	9.12	1865
  24800	1660	1	1	17	0.06863	0.08661	31.4	1583	79	77	100/100	8.56	1816
  24900	1658	1	1	17	0.09336	0.08467	16.85	1580	80	78	100/100	8.04	1928
  25000	1669	1	1	17	0.09439	0.08058	28.32	1588	83	81	100/100	7.92	1758
  25100	1667	1	1	17	0.07782	0.0838	17.84	1587	82	80	100/100	7.31	1719
  25200	1648	1	1	17	0.1085	0.08552	34.8	1572	77	75	100/100	6.88	1709
  25300	1654	1	1	17	0.09629	0.08782	29.92	1577	77	75	100/100	8.17	1847
  25400	1669	1	1	17	0.11032	0.08788	11.55	1594	74	72	100/100	7.05	1948
  25500	1660	2	1	17	0.11701	0.08483	51.62	1582	77	75	100/100	6.80	1852
  25600	1658	2	1	17	0.10993	0.08311	51.2	1582	75	73	100/100	7.40	1720
  25700	1656	2	1	17	0.096	0.08532	46.46	1582	73	71	100/100	7.33	1776
  25800	1658	2	1	17	0.104	0.08704	67.46	1580	77	75	100/100	7.31	1773
  25900	1655	2	1	17	0.08475	0.08605	38.29	1579	75	73	100/100	7.66	1682
  26000	1656	2	1	17	0.11141	0.08401	51.76	1582	73	71	100/100	8.68	1899
  26100	1660	1	1	17	0.10826	0.08593	31.01	1584	75	73	100/100	8.23	1942
  26200	1660	0	0	17	0.0325	0.08525	0	1583	75	73	100/100	7.21	1869
  26300	1674	0	0	17	—	0.08535	0	1593	78	76	100/100	7.92	1653
  26400	1680	0	0	17	—	0.08448	0	1595	84	82	100/100	7.58	1547
  26500	1681	0	0	17	—	0.08197	0	1597	83	81	100/100	7.62	1621
  26600	1692	0	0	17	—	0.08345	0	1605	85	83	100/100	7.79	1829
  26700	1698	0	0	17	—	0.08301	0	1614	82	80	100/100	9.36	1825
  26800	1700	0	0	17	—	0.08295	0	1613	85	83	100/100	8.04	1840
  26900	1700	0	0	17	—	0.08487	0	1613	85	83	100/100	7.69	1738
  27000	1695	0	0	17	—	0.08795	0	1607	86	84	100/100	9.13	1752
  27100	1693	0	0	17	—	0.09103	0	1607	88	86	100/100	9.08	1831
  27200	1708	0	0	17	—	0.08825	0	1621	90	88	100/100	9.68	1982
  27300	1702	0	0	17	—	0.08115	0	1616	99	97	100/100	7.67	1885
  27400	1705	0	0	17	—	0.08325	0	1616	104	102	100/100	7.11	2028
  27500	1687	0	0	17	—	0.08702	0	1601	99	98	100/100	6.89	2053
  27600	1672	0	0	17	—	0.08788	0	1583	102	101	100/100	7.64	1835
  27700	1676	0	0	17	—	0.08584	0	1589	102	101	100/100	7.57	1722
  27800	1658	0	0	17	—	0.08347	0	1572	96	95	100/100	7.70	1787
  27900	1648	0	0	17	—	0.08326	0	1563	91	90	100/100	8.53	1790
  28000	1636	0	0	17	—	0.08523	0	1548	93	92	100/100	8.63	1842
  28100	1643	0	0	17	—	0.08612	0	1556	91	90	100/100	9.39	1956
  28200	1645	0	0	17	—	0.08589	0	1560	88	87	100/100	9.12	1916
  28300	1646	0	0	17	—	0.08418	0	1559	89	88	100/100	8.87	1886
  28400	1642	0	0	17	—	0.08384	0	1557	87	86	100/100	7.12	1860
  28500	1640	0	0	17	—	0.08225	0	1558	83	82	100/100	8.93	1718
  28600	1654	0	0	17	—	0.08228	0	1571	84	83	100/100	8.43	1524
  28700	1672	0	0	17	—	0.08442	0	1589	84	83	100/100	8.63	1699
  28800	1676	0	0	17	—	0.08732	0	1593	84	83	100/100	7.34	1695
  28900	1670	0	0	17	—	0.08697	0	1587	84	83	100/100	7.10	1666
  29000	1669	0	0	17	—	0.08438	0	1587	83	82	100/100	7.38	1859
  29100	1666	0	0	17	—	0.08306	0	1584	83	82	100/100	6.90	1744
  29200	1654	0	0	17	—	0.084	0	1572	83	82	100/100	7.43	1664
  29300	1651	0	0	17	—	0.08978	0	1568	84	83	100/100	7.27	1837
  29400	1661	0	0	17	—	0.08922	0	1578	84	83	100/100	7.64	1833
  29500	1650	0	0	17	—	0.08733	0	1570	83	82	100/100	8.37	1872
  29600	1663	0	0	17	—	0.08442	0	1586	89	88	100/100	7.31	1883
  29700	1658	0	0	17	—	0.07995	0	1579	85	84	100/100	8.67	1929
  29800	1649	0	0	17	—	0.08233	0	1573	79	78	100/100	7.12	1931
  29900	1657	0	0	17	—	0.0841	0	1581	78	77	100/100	7.53	1804
  30000	1650	0	0	17	—	0.08434	0	1571	80	79	100/100	8.72	1669
